City_ID,City,Country,Date,Lat,Lng,Max Temp,Humidity,Cloudiness,Wind Speed
0,Sorong,ID,2020-07-11 23:11:34,-0.88,131.25,78.66,83,100,7.65
1,East London,ZA,2020-07-11 23:11:35,-33.02,27.91,56.62,55,62,18.07
2,Narsaq,GL,2020-07-11 23:11:36,60.92,-46.05,55.4,76,25,4.7
3,Pergamino,AR,2020-07-11 23:10:23,-33.89,-60.57,50.0,41,71,5.01
4,Castro,BR,2020-07-11 23:11:38,-24.79,-50.01,59.32,81,0,6.8
5,Hermanus,ZA,2020-07-11 23:07:56,-34.42,19.23,46.0,78,3,9.17
6,Victoria,HK,2020-07-11 23:08:17,22.29,114.16,86.0,70,74,8.99
7,Ushuaia,AR,2020-07-11 23:11:40,-54.8,-68.3,35.6,80,20,18.34
8,Cidreira,BR,2020-07-11 23:11:41,-30.18,-50.21,56.89,83,100,7.11
9,Qui Nhon,VN,2020-07-11 23:11:42,13.77,109.23,80.29,77,100,3.44
10,Lata,PT,2020-07-11 23:11:43,40.16,-8.33,72.0,89,100,3.02
11,Vancouver,CA,2020-07-11 23:06:53,49.25,-123.12,61.0,82,90,6.93
12,Longyearbyen,SJ,2020-07-11 23:11:45,78.22,15.64,44.6,70,40,23.04
13,Myitkyina,MM,2020-07-11 23:08:03,25.38,97.4,74.48,97,100,2.13
14,Calabozo,VE,2020-07-11 23:11:47,8.92,-67.43,77.29,88,55,2.64
15,Sao Miguel Do Araguaia,BR,2020-07-11 23:11:48,-13.28,-50.16,76.21,50,26,3.91
16,Faanui,PF,2020-07-11 23:11:49,-16.48,-151.75,78.21,76,20,17.92
17,Shenjiamen,CN,2020-07-11 23:11:50,29.96,122.3,78.37,90,92,24.67
18,Mujiayingzi,CN,2020-07-11 23:11:51,42.12,118.78,71.94,69,100,1.3
19,Havoysund,NO,2020-07-11 23:11:52,71.0,24.66,53.6,66,100,9.17
20,Muros,ES,2020-07-11 23:11:53,42.78,-9.06,71.01,68,0,8.99
21,Chitrakonda,IN,2020-07-11 23:11:54,18.12,82.08,75.43,84,100,1.14
22,Rikitea,PF,2020-07-11 23:11:55,-23.12,-134.97,69.46,70,13,15.95
23,Aklavik,CA,2020-07-11 23:11:57,68.22,-135.01,59.0,47,40,5.82
24,Port Alfred,ZA,2020-07-11 23:11:57,-33.59,26.89,52.0,71,37,5.01
25,Torbay,CA,2020-07-11 23:11:58,47.67,-52.73,66.2,72,40,14.99
26,Khuzdar,PK,2020-07-11 23:11:59,27.74,66.64,73.6,83,86,6.89
27,Pingliang,CN,2020-07-11 23:12:01,35.54,106.69,60.91,87,91,3.0
28,Praia,CV,2020-07-11 23:12:02,14.92,-23.51,77.0,73,75,13.87
29,Norman Wells,CA,2020-07-11 23:12:04,65.28,-126.83,59.0,67,90,12.75
30,Jiaohe,CN,2020-07-11 23:12:05,43.73,127.34,68.16,75,6,2.59
31,Bluff,NZ,2020-07-11 23:12:06,-46.6,168.33,48.94,75,99,19.39
32,Mancio Lima,BR,2020-07-11 23:12:08,-7.61,-72.9,84.2,62,20,2.24
33,Barrow,US,2020-07-11 23:12:09,71.29,-156.79,35.6,80,90,8.05
34,Kurdzhinovo,RU,2020-07-11 23:12:10,43.99,40.96,59.58,82,3,4.97
35,Hithadhoo,MV,2020-07-11 23:12:11,-0.6,73.08,83.17,79,17,12.1
36,Albany,US,2020-07-11 23:10:10,42.6,-73.97,82.0,74,99,1.01
37,Quesnel,CA,2020-07-11 23:12:13,53.0,-122.5,57.2,87,40,5.82
38,Tenango,MX,2020-07-11 23:12:14,18.65,-98.18,73.99,49,75,8.05
39,Hirara,JP,2020-07-11 23:12:15,24.8,125.28,82.4,94,75,3.36
40,Inuvik,CA,2020-07-11 23:08:23,68.35,-133.72,59.0,41,40,3.36
41,Jamestown,US,2020-07-11 23:12:17,42.1,-79.24,72.0,83,75,17.22
42,Mataura,NZ,2020-07-11 23:12:18,-46.19,168.86,46.04,92,72,5.82
43,Berthierville,CA,2020-07-11 23:12:19,46.08,-73.18,81.0,84,77,1.01
44,Ponta Do Sol,PT,2020-07-11 23:12:20,32.67,-17.1,71.6,64,20,23.04
45,Bayan,CN,2020-07-11 23:12:21,46.08,127.4,80.01,53,0,6.64
46,Busselton,AU,2020-07-11 23:12:22,-33.65,115.33,46.0,77,0,16.04
47,Tuktoyaktuk,CA,2020-07-11 23:12:23,69.45,-133.04,48.2,76,20,10.29
48,Miles City,US,2020-07-11 23:12:24,46.41,-105.84,86.0,22,1,2.84
49,Mindelo,CV,2020-07-11 23:12:25,16.89,-24.98,77.0,65,40,16.11
50,Port Lincoln,AU,2020-07-11 23:12:26,-34.73,135.87,53.02,81,8,9.53
51,Beringovskiy,RU,2020-07-11 23:12:27,63.05,179.32,48.79,85,98,2.77
52,Cabo San Lucas,MX,2020-07-11 23:12:28,22.89,-109.91,95.0,52,5,17.22
53,Naze,JP,2020-07-11 23:12:29,28.37,129.48,82.4,100,75,8.05
54,Vaini,TO,2020-07-11 23:12:30,-21.2,-175.2,73.4,78,40,13.87
55,Esperance,AU,2020-07-11 23:11:02,-33.87,121.9,39.2,93,0,12.75
56,Anadyr,RU,2020-07-11 23:12:32,64.75,177.48,64.4,52,40,8.95
57,Keetmanshoop,NA,2020-07-11 23:12:33,-26.58,18.13,46.4,52,0,8.05
58,Puerto Madero,MX,2020-07-11 23:12:34,14.72,-92.42,78.8,100,90,9.17
59,Punta Arenas,CL,2020-07-11 23:12:35,-53.15,-70.92,33.8,74,40,9.17
60,Hofn,IS,2020-07-11 23:12:36,64.25,-15.21,52.93,84,33,7.16
61,Puerto Ayora,EC,2020-07-11 23:12:38,-0.74,-90.35,68.0,89,75,1.99
62,Padang,ID,2020-07-11 23:10:33,-0.95,100.35,77.16,79,96,3.8
63,Bethel,US,2020-07-11 23:12:41,41.37,-73.41,78.01,87,69,1.01
64,Bathsheba,BB,2020-07-11 23:12:42,13.22,-59.52,82.4,78,40,17.22
65,Bredasdorp,ZA,2020-07-11 23:12:43,-34.53,20.04,48.2,76,0,5.82
66,New Norfolk,AU,2020-07-11 23:12:44,-42.78,147.06,46.0,93,60,1.25
67,Thompson,CA,2020-07-11 23:12:45,55.74,-97.86,59.0,93,90,2.46
68,Dunedin,NZ,2020-07-11 23:12:46,-45.87,170.5,51.01,81,100,1.99
69,Poronaysk,RU,2020-07-11 23:12:47,49.22,143.12,59.16,82,70,2.77
70,Manta,EC,2020-07-11 23:10:07,-0.95,-80.73,72.91,85,88,8.14
71,Atuona,PF,2020-07-11 23:12:49,-9.8,-139.03,79.3,78,33,17.78
72,Saldanha,ZA,2020-07-11 23:12:50,-33.01,17.94,44.6,87,20,2.24
73,Cape Town,ZA,2020-07-11 23:08:08,-33.93,18.42,52.0,87,51,9.17
74,Kapaa,US,2020-07-11 23:12:53,22.08,-159.32,82.99,74,75,17.22
75,Butaritari,KI,2020-07-11 23:12:54,3.07,172.79,83.35,78,16,18.1
76,Sabang,ID,2020-07-11 23:12:56,5.89,95.32,82.69,74,100,12.97
77,North Platte,US,2020-07-11 23:12:57,41.12,-100.77,84.2,39,1,8.05
78,Yellowknife,CA,2020-07-11 23:12:57,62.46,-114.35,75.0,46,75,13.87
79,Shahreza,IR,2020-07-11 23:12:58,32.03,51.88,68.72,34,48,4.65
80,Sobolevo,RU,2020-07-11 23:12:59,54.43,31.9,57.97,93,100,9.69
81,Saint-Philippe,RE,2020-07-11 23:13:00,-21.36,55.77,69.8,77,45,4.7
82,Port Elizabeth,ZA,2020-07-11 23:13:01,-33.92,25.57,48.2,66,23,6.93
83,Tuatapere,NZ,2020-07-11 23:13:02,-46.13,167.68,48.13,83,66,8.81
84,Mayo,US,2020-07-11 23:12:40,38.89,-76.51,87.8,51,20,6.93
85,Rabat,MA,2020-07-11 23:10:22,33.99,-6.84,73.4,94,40,9.17
86,Arraial Do Cabo,BR,2020-07-11 23:13:05,-22.97,-42.03,71.13,82,0,23.89
87,Kavieng,PG,2020-07-11 23:13:06,-2.57,150.8,83.82,73,100,10.42
88,Mandan,US,2020-07-11 23:13:02,46.83,-100.89,80.6,64,20,9.17
89,Ucluelet,CA,2020-07-11 23:13:08,48.93,-125.55,59.0,93,75,13.87
90,Geraldton,AU,2020-07-11 23:13:09,-28.77,114.6,51.8,40,0,24.16
91,Kaitangata,NZ,2020-07-11 23:13:10,-46.28,169.85,50.0,62,63,14.0
92,Naron,ES,2020-07-11 23:13:11,43.52,-8.15,68.0,72,17,8.05
93,Roald,NO,2020-07-11 23:13:12,62.58,6.13,51.8,76,93,19.46
94,Nantucket,US,2020-07-11 23:11:02,41.28,-70.1,73.99,94,90,13.87
95,Guerrero Negro,MX,2020-07-11 23:13:14,27.98,-114.06,87.62,31,0,17.49
96,Lompoc,US,2020-07-11 23:13:15,34.64,-120.46,81.0,56,0,17.22
97,Havre-Saint-Pierre,CA,2020-07-11 23:13:17,50.23,-63.6,75.2,69,1,5.82
98,Nanortalik,GL,2020-07-11 23:13:18,60.14,-45.24,43.29,91,59,10.02
99,Urumqi,CN,2020-07-11 23:13:19,43.8,87.6,69.8,52,61,11.18
100,Alekseyevsk,RU,2020-07-11 23:13:20,57.84,108.35,62.56,85,89,4.36
101,Caluquembe,AO,2020-07-11 23:13:24,-13.78,14.68,53.42,42,1,0.54
102,Hilo,US,2020-07-11 23:13:26,19.73,-155.09,82.4,65,75,8.05
103,Saint-Francois,FR,2020-07-11 23:13:28,46.42,3.91,59.0,51,68,6.93
104,Nurota,UZ,2020-07-11 23:13:30,40.56,65.69,69.62,44,21,2.8
105,Georgetown,MY,2020-07-11 23:12:06,5.41,100.34,77.0,88,20,4.52
106,Pangnirtung,CA,2020-07-11 23:13:34,66.15,-65.71,52.59,53,85,1.95
107,Dikson,RU,2020-07-11 23:13:36,73.51,80.55,41.07,100,100,14.94
108,Ribeira Grande,PT,2020-07-11 23:13:38,38.52,-28.7,69.48,86,37,11.59
109,Togur,RU,2020-07-11 23:13:40,58.36,82.83,60.01,83,71,6.15
110,Malkangiri,IN,2020-07-11 23:13:42,18.35,81.9,77.72,86,100,0.72
111,Abnub,EG,2020-07-11 23:13:44,27.27,31.15,80.6,39,0,10.29
112,Manitowoc,US,2020-07-11 23:12:17,44.07,-87.8,81.0,61,90,6.93
113,Whitehorse,CA,2020-07-11 23:11:11,60.72,-135.05,60.8,48,75,8.05
114,Ola,RU,2020-07-11 23:13:49,59.58,151.28,60.46,74,10,1.36
115,Antalaha,MG,2020-07-11 23:13:50,-14.9,50.28,70.12,86,65,8.68
116,Haines Junction,CA,2020-07-11 23:13:52,60.75,-137.51,59.9,47,100,7.92
117,Lyubinskiy,RU,2020-07-11 23:13:54,55.15,72.69,66.2,77,75,2.24
118,Sisimiut,GL,2020-07-11 23:13:56,66.94,-53.67,46.11,72,64,4.7
119,Itarema,BR,2020-07-11 23:13:58,-2.92,-39.92,76.95,78,2,10.33
120,Avarua,CK,2020-07-11 23:11:20,-21.21,-159.78,77.0,78,96,6.93
121,Kalianget,ID,2020-07-11 23:14:02,-7.05,113.93,78.44,81,34,4.12
122,Totness,SR,2020-07-11 23:14:06,5.88,-56.32,79.54,85,74,12.15
123,Kribi,CM,2020-07-11 23:14:07,2.95,9.92,75.88,90,97,6.42
124,Lewistown,US,2020-07-11 23:14:08,40.6,-77.57,79.0,78,20,8.05
125,Baykit,RU,2020-07-11 23:14:09,61.67,96.37,53.74,84,14,3.85
126,Kyabe,TD,2020-07-11 23:14:11,9.45,18.94,72.19,94,99,4.85
127,Seymchan,RU,2020-07-11 23:14:11,62.88,152.43,71.35,45,55,9.46
128,Lima,PE,2020-07-11 23:12:05,-12.04,-77.03,62.6,72,75,8.05
129,Whitecourt,CA,2020-07-11 23:14:13,54.15,-115.69,71.6,46,75,10.29
130,Nargana,PA,2020-07-11 23:14:14,9.44,-78.59,79.03,81,100,7.05
131,Vallenar,CL,2020-07-11 23:14:16,-28.57,-70.76,64.89,47,23,0.51
132,Grindavik,IS,2020-07-11 23:14:17,63.84,-22.43,48.2,100,90,12.75
133,Faya,SA,2020-07-11 23:14:18,18.39,42.45,77.0,31,61,3.27
134,Bambous Virieux,MU,2020-07-11 23:14:19,-20.34,57.76,72.0,77,40,16.11
135,Caravelas,BR,2020-07-11 23:14:20,-17.71,-39.25,71.19,83,13,4.23
136,Valparaiso,CL,2020-07-11 23:13:45,-33.04,-71.63,53.6,87,81,5.82
137,Bilma,NE,2020-07-11 23:14:22,18.69,12.92,90.14,31,58,12.55
138,Coihaique,CL,2020-07-11 23:14:23,-45.58,-72.07,32.0,95,40,3.36
139,Timana,CO,2020-07-11 23:14:24,1.97,-75.93,68.77,81,6,2.01
140,Leeton,AU,2020-07-11 23:14:25,-34.57,146.4,42.8,100,90,2.84
141,Mongu,ZM,2020-07-11 23:14:26,-15.25,23.13,57.18,33,0,8.5
142,Horta,PT,2020-07-11 23:14:27,38.53,-28.63,69.51,85,41,10.58
143,Kabanjahe,ID,2020-07-11 23:14:28,3.1,98.49,75.2,100,75,2.55
144,Magan,ES,2020-07-11 23:14:29,39.97,-3.93,82.99,48,20,14.99
145,Vuktyl,RU,2020-07-11 23:14:30,63.86,57.31,57.09,69,74,5.82
146,Pevek,RU,2020-07-11 23:14:31,69.7,170.31,49.6,77,72,4.99
147,Mahebourg,MU,2020-07-11 23:14:32,-20.41,57.7,69.8,77,40,16.11
148,Prabumulih,ID,2020-07-11 23:14:33,-3.45,104.25,71.69,99,34,2.86
149,Jibuti,DJ,2020-07-11 23:14:34,11.5,42.5,98.6,25,40,4.94
150,Katsuura,JP,2020-07-11 23:14:36,35.13,140.3,84.2,74,75,6.93
151,Lerwick,GB,2020-07-11 23:13:53,60.15,-1.15,51.8,100,93,19.46
152,Leningradskiy,RU,2020-07-11 23:14:38,69.38,178.42,46.96,61,0,16.17
153,Port Hardy,CA,2020-07-11 23:14:39,50.7,-127.42,57.2,93,75,6.93
154,Hamilton,US,2020-07-11 23:12:04,39.18,-84.53,86.0,45,40,9.17
155,Constitucion,CL,2020-07-11 23:14:41,-35.33,-72.42,49.19,71,97,3.78
156,Sitka,US,2020-07-11 23:14:42,57.05,-135.33,57.2,82,75,4.7
157,Noshiro,JP,2020-07-11 23:14:43,40.2,140.02,64.4,93,75,6.93
158,Urengoy,RU,2020-07-11 23:14:44,65.97,78.37,53.24,72,6,5.66
159,Iqaluit,CA,2020-07-11 23:14:45,63.75,-68.51,41.0,93,90,2.24
160,Port Blair,IN,2020-07-11 23:14:46,11.67,92.75,82.04,81,100,9.42
161,Bosaso,SO,2020-07-11 23:14:47,11.28,49.18,93.31,40,85,17.36
162,Zabol,AF,2020-07-11 23:14:49,32.25,67.25,65.5,25,0,2.39
163,Lieksa,FI,2020-07-11 23:14:50,63.32,30.02,53.67,87,100,12.44
164,Sharjah,AE,2020-07-11 23:14:51,25.36,55.4,96.01,74,100,4.7
165,Hobart,AU,2020-07-11 23:10:53,-42.88,147.33,46.0,93,90,5.82
166,Arenal,CO,2020-07-11 23:14:53,8.46,-73.94,81.1,78,100,2.8
167,Korla,CN,2020-07-11 23:14:53,41.76,86.15,72.57,24,0,14.34
168,Teya,RU,2020-07-11 23:14:54,60.38,92.63,56.64,72,14,7.18
169,Resplendor,BR,2020-07-11 23:14:55,-19.33,-41.26,66.9,77,39,2.28
170,Yuanping,CN,2020-07-11 23:14:56,38.72,112.76,64.13,92,100,2.06
171,Kodiak,US,2020-07-11 23:14:57,57.79,-152.41,66.2,59,20,6.93
172,Dauriya,RU,2020-07-11 23:14:58,49.93,116.87,68.56,72,67,16.35
173,Qaanaaq,GL,2020-07-11 23:14:59,77.48,-69.36,46.51,57,14,2.82
174,Rudnogorsk,RU,2020-07-11 23:15:00,57.26,103.75,56.07,71,64,1.95
175,Sumbe,AO,2020-07-11 23:15:01,-11.21,13.84,69.57,86,60,3.42
176,Erenhot,CN,2020-07-11 23:15:02,43.65,111.98,73.67,51,100,9.75
177,Bundaberg,AU,2020-07-11 23:15:03,-24.85,152.35,66.99,100,90,5.82
178,Cayce,US,2020-07-11 23:15:04,33.97,-81.07,93.2,41,20,5.82
179,Saskylakh,RU,2020-07-11 23:15:05,71.92,114.08,68.61,74,62,12.3
180,Samarai,PG,2020-07-11 23:15:06,-10.62,150.67,78.49,88,38,12.39
181,Shiraoi,JP,2020-07-11 23:15:07,42.55,141.35,72.0,83,75,11.41
182,Tiksi,RU,2020-07-11 23:14:37,71.69,128.87,51.31,68,100,3.04
183,Klaksvik,FO,2020-07-11 23:15:09,62.23,-6.59,50.0,100,92,9.17
184,Lensk,RU,2020-07-11 23:15:10,60.73,114.93,69.08,68,66,3.0
185,Luanda,AO,2020-07-11 23:15:12,-8.84,13.23,71.6,78,90,5.82
186,Avera,US,2020-07-11 23:15:13,33.19,-82.53,91.4,49,75,8.05
187,Mar Del Plata,AR,2020-07-11 23:15:13,-38.0,-57.56,52.0,53,65,12.75
188,Port Shepstone,ZA,2020-07-11 23:15:14,-30.74,30.45,58.41,53,32,23.91
189,Domodossola,IT,2020-07-11 23:15:15,46.12,8.29,68.0,76,18,1.01
190,Kahului,US,2020-07-11 23:13:21,20.89,-156.47,89.6,40,20,23.04
191,Cervo,ES,2020-07-11 23:15:17,43.67,-7.41,62.01,95,45,10.0
192,Richards Bay,ZA,2020-07-11 23:15:18,-28.78,32.04,62.96,58,46,20.76
193,Shonguy,RU,2020-07-11 23:15:19,68.75,33.15,46.4,100,75,6.71
194,Istanbul,TR,2020-07-11 23:12:30,41.04,28.98,73.4,83,20,9.17
195,Sturgis,US,2020-07-11 23:15:21,41.8,-85.42,82.4,51,40,6.93
196,Khatanga,RU,2020-07-11 23:15:22,71.97,102.5,51.64,77,81,17.11
197,Mehamn,NO,2020-07-11 23:15:23,71.04,27.85,46.29,86,100,4.61
198,Coromandel,BR,2020-07-11 23:15:24,-18.47,-47.2,63.91,65,27,5.3
199,San Rafael,AR,2020-07-11 23:12:39,-34.62,-68.33,50.29,48,100,4.07
200,Monterey,US,2020-07-11 23:15:26,36.25,-121.25,98.01,30,0,1.01
201,Kondinskoye,RU,2020-07-11 23:15:27,59.65,67.41,61.3,72,15,9.19
202,Airai,TL,2020-07-11 23:15:28,-8.93,125.41,60.62,100,62,4.03
203,Ilulissat,GL,2020-07-11 23:15:29,69.22,-51.1,46.4,65,77,4.7
204,Chara,RU,2020-07-11 23:15:31,56.91,118.26,77.72,39,56,1.07
205,Astoria,US,2020-07-11 23:15:33,46.19,-123.83,64.99,72,75,11.41
206,Paracuru,BR,2020-07-11 23:15:34,-3.41,-39.03,80.01,73,17,14.0
207,Nizhniy Tsasuchey,RU,2020-07-11 23:15:35,50.52,115.13,67.84,79,89,14.81
208,Saint-Augustin,CA,2020-07-11 23:15:37,51.23,-58.65,67.03,75,55,21.94
209,Cockburn Town,TC,2020-07-11 23:15:38,21.46,-71.14,86.0,70,40,11.41
210,Rogers,US,2020-07-11 23:13:02,36.37,-95.58,97.0,41,1,6.93
211,Porto-Vecchio,FR,2020-07-11 23:15:41,41.59,9.28,73.4,83,0,11.41
212,Synya,RU,2020-07-11 23:15:42,65.37,58.04,54.77,76,18,2.13
213,Raudeberg,NO,2020-07-11 23:15:43,61.99,5.14,48.99,91,100,12.08
214,Palasa,IN,2020-07-11 23:15:44,18.77,84.42,81.75,82,100,4.29
215,Torbat-E Jam,IR,2020-07-11 23:15:45,35.24,60.62,72.68,29,0,15.82
216,Bonthe,SL,2020-07-11 23:15:46,7.53,-12.51,74.84,92,100,9.37
217,Vestmannaeyjar,IS,2020-07-11 23:15:47,63.44,-20.27,51.98,88,100,8.08
218,Harper,LR,2020-07-11 23:15:48,4.38,-7.72,75.24,77,100,7.52
219,Namibe,AO,2020-07-11 23:15:49,-15.2,12.15,64.89,56,0,8.77
220,Muzhi,RU,2020-07-11 23:15:50,65.37,64.67,53.08,82,20,10.83
221,Lebedyn,UA,2020-07-11 23:15:51,50.59,34.48,62.51,73,0,6.76
222,Tasiilaq,GL,2020-07-11 23:15:52,65.61,-37.64,42.8,81,57,16.11
223,Alyangula,AU,2020-07-11 23:15:53,-13.85,136.42,75.2,88,40,4.7
224,Concepcion Del Uruguay,AR,2020-07-11 23:15:54,-32.48,-58.24,51.01,69,100,3.71
225,Aksu,CN,2020-07-11 23:15:55,41.12,80.26,70.2,46,19,4.34
226,Lasa,IT,2020-07-11 23:15:56,46.62,10.7,51.8,87,5,4.7
227,Jahanabad,IN,2020-07-11 23:15:57,25.22,84.98,82.4,88,75,5.82
228,Provideniya,RU,2020-07-11 23:15:58,64.38,-173.3,56.46,50,0,2.86
229,Souillac,MU,2020-07-11 23:15:59,-20.52,57.52,69.8,77,40,16.11
230,Upernavik,GL,2020-07-11 23:16:00,72.79,-56.15,41.63,83,6,4.18
231,Goure,NE,2020-07-11 23:16:01,13.98,10.27,89.33,42,81,12.15
232,Yarmouth,US,2020-07-11 23:16:02,41.71,-70.23,77.0,88,90,11.41
233,Chulym,RU,2020-07-11 23:16:03,55.1,80.96,57.52,93,1,5.21
234,Yichang,CN,2020-07-11 23:16:04,30.71,111.28,73.99,90,100,1.01
235,Dingle,PH,2020-07-11 23:16:04,11.0,122.67,79.54,83,100,1.66
236,Bengkulu,ID,2020-07-11 23:16:05,-3.8,102.27,74.97,87,46,3.89
237,Honiara,SB,2020-07-11 23:16:06,-9.43,159.95,80.6,83,40,2.24
238,Salym,RU,2020-07-11 23:16:07,60.06,71.48,59.31,92,34,10.96
239,Clyde River,CA,2020-07-11 23:16:08,70.47,-68.59,53.6,71,20,14.99
240,Gizo,SB,2020-07-11 23:16:09,-8.1,156.84,83.64,71,71,8.25
241,Cherskiy,RU,2020-07-11 23:16:10,68.75,161.3,49.86,72,98,13.65
242,Lander,US,2020-07-11 23:16:12,42.83,-108.73,91.99,9,1,9.17
243,Jalu,LY,2020-07-11 23:16:12,29.03,21.55,75.02,61,0,10.78
244,Mildura,AU,2020-07-11 23:16:13,-34.2,142.15,37.0,100,90,1.12
245,Tupik,RU,2020-07-11 23:16:14,54.43,119.93,73.29,56,0,1.03
246,The Valley,AI,2020-07-11 23:15:04,18.22,-63.06,84.2,74,40,18.34
247,Kodinsk,RU,2020-07-11 23:16:16,58.69,99.18,58.14,74,75,3.11
248,San Juan,AR,2020-07-11 23:12:25,-31.54,-68.54,53.31,43,17,8.12
249,Nikolskoye,RU,2020-07-11 23:16:18,59.7,30.79,55.99,87,75,6.71
250,Altay,CN,2020-07-11 23:16:19,47.87,88.12,57.52,69,18,0.76
251,Vila,PT,2020-07-11 23:16:20,42.03,-8.16,78.8,61,17,3.36
252,Saint-Pierre,RE,2020-07-11 23:16:21,-21.34,55.48,66.2,77,27,3.36
253,Batagay,RU,2020-07-11 23:16:22,67.63,134.63,76.95,29,58,6.29
254,Tigil,RU,2020-07-11 23:16:23,57.8,158.67,68.11,69,90,3.91
255,Kieta,PG,2020-07-11 23:16:24,-6.22,155.63,84.65,67,92,4.88
256,Ochakiv,UA,2020-07-11 23:16:25,46.61,31.55,69.8,56,0,4.47
257,Lincoln,US,2020-07-11 23:13:45,40.8,-96.67,88.0,48,1,9.17
258,Oranjemund,NA,2020-07-11 23:16:27,-28.55,16.43,53.65,62,0,7.72
259,Oswego,US,2020-07-11 23:16:28,43.45,-76.15,73.99,88,40,4.7
260,Muisne,EC,2020-07-11 23:16:29,0.6,-80.03,74.86,86,85,6.55
261,Kisesa,TZ,2020-07-11 23:16:30,-3.08,34.15,65.12,67,18,8.43
262,Carnarvon,AU,2020-07-11 23:16:31,-24.87,113.63,55.4,30,0,11.41
263,Hvide Sande,DK,2020-07-11 23:16:32,56.0,8.13,51.8,93,8,5.82
264,Martyush,RU,2020-07-11 23:16:33,56.4,61.88,59.49,78,0,7.96
265,Lixourion,GR,2020-07-11 23:16:34,38.2,20.43,72.99,78,0,6.26
266,Leua,SK,2020-07-11 23:16:35,48.22,18.61,60.01,94,100,8.34
267,Mareeba,AU,2020-07-11 23:16:36,-17.0,145.43,71.01,85,45,5.01
268,Carauari,BR,2020-07-11 23:16:37,-4.88,-66.9,75.83,92,68,0.43
269,Tual,ID,2020-07-11 23:16:38,-5.67,132.75,79.59,83,84,20.54
270,Touros,BR,2020-07-11 23:16:39,-5.2,-35.46,71.6,100,75,3.36
271,Semey,KZ,2020-07-11 23:16:40,50.41,80.23,55.4,87,0,8.95
272,Banda Aceh,ID,2020-07-11 23:16:41,5.56,95.32,79.84,75,100,9.51
273,Dudinka,RU,2020-07-11 23:16:42,69.41,86.18,46.4,100,90,11.18
274,Palmas Bellas,PA,2020-07-11 23:16:43,9.23,-80.09,81.0,83,100,5.99
275,Mount Gambier,AU,2020-07-11 23:16:44,-37.83,140.77,42.8,100,90,3.36
276,Quthing,LS,2020-07-11 23:16:45,-30.4,27.7,30.4,93,45,2.91
277,Henties Bay,NA,2020-07-11 23:16:45,-22.12,14.28,52.0,83,0,1.01
278,Port Hedland,AU,2020-07-11 23:16:46,-20.32,118.57,60.8,26,0,13.87
279,Panama City,PA,2020-07-11 23:15:13,8.99,-79.52,81.0,83,40,8.05
280,Erzin,TR,2020-07-11 23:16:48,36.96,36.2,79.0,89,32,1.43
281,Takoradi,GH,2020-07-11 23:16:49,4.88,-1.76,74.46,88,65,8.19
282,Chuy,UY,2020-07-11 23:16:50,-33.7,-53.46,44.42,70,38,5.55
283,Xixiang,CN,2020-07-11 23:16:51,35.16,112.86,69.01,99,100,1.66
284,Tommot,RU,2020-07-11 23:16:52,58.96,126.29,80.31,55,0,1.36
285,Pisco,PE,2020-07-11 23:13:58,-13.7,-76.22,62.6,77,40,9.17
286,Skjervoy,NO,2020-07-11 23:16:54,70.03,20.97,50.77,79,53,4.59
287,Varginha,BR,2020-07-11 23:16:55,-21.55,-45.43,61.83,73,15,3.38
288,Mocuba,MZ,2020-07-11 23:16:56,-16.84,36.99,63.77,77,0,4.85
289,Sorland,NO,2020-07-11 23:16:57,67.67,12.69,52.07,78,91,20.29
290,Lavrentiya,RU,2020-07-11 23:16:59,65.58,-171.0,56.28,47,15,7.18
291,Black River,JM,2020-07-11 23:16:59,18.03,-77.85,80.6,83,40,6.93
292,Whitianga,NZ,2020-07-11 23:17:00,-36.83,175.7,55.99,93,1,4.0
293,Atar,MR,2020-07-11 23:17:01,20.52,-13.05,91.29,28,0,3.13
294,Codrington,AU,2020-07-11 23:17:02,-38.27,141.97,47.21,91,16,3.0
295,Bajah,YE,2020-07-11 23:17:03,13.81,44.63,85.64,35,99,4.74
296,Husavik,IS,2020-07-11 23:17:05,66.04,-17.34,51.8,87,90,1.12
297,Marawi,PH,2020-07-11 23:17:06,8.0,124.29,75.99,91,100,4.0
298,Kletskaya,RU,2020-07-11 23:17:07,49.31,43.06,68.0,59,0,4.0
299,Beyneu,KZ,2020-07-11 23:17:08,45.32,55.2,85.59,29,22,5.23
300,Curtea,RO,2020-07-11 23:17:09,45.82,22.3,68.34,72,48,1.14
301,Taoudenni,ML,2020-07-11 23:17:10,22.68,-3.98,92.21,38,100,7.54
302,Nyimba,ZM,2020-07-11 23:17:11,-14.56,30.81,68.5,53,0,4.41
303,Lebu,CL,2020-07-11 23:17:12,-37.62,-73.65,50.07,81,93,9.24
304,Avila,ES,2020-07-11 23:17:13,40.58,-5.0,75.99,50,26,5.01
305,Kavaratti,IN,2020-07-11 23:17:14,10.57,72.64,77.52,89,100,15.41
306,Bull Savanna,JM,2020-07-11 23:17:14,17.89,-77.59,80.82,74,72,8.84
307,Areia Branca,BR,2020-07-11 23:17:15,-4.96,-37.14,78.35,73,59,19.42
308,Khorixas,NA,2020-07-11 23:17:17,-20.37,14.97,52.74,34,0,8.52
309,Yamada,JP,2020-07-11 23:17:18,39.47,141.95,64.26,93,100,4.16
310,Linden,GY,2020-07-11 23:17:19,6.0,-58.3,80.6,83,20,4.7
311,Tyukhtet,RU,2020-07-11 23:17:20,56.54,89.3,52.68,85,0,4.36
312,Umm Kaddadah,SD,2020-07-11 23:17:21,13.6,26.69,85.12,45,32,7.34
313,Necochea,AR,2020-07-11 23:17:22,-38.55,-58.74,46.0,65,98,15.01
314,Sao Filipe,CV,2020-07-11 23:17:23,14.9,-24.5,74.48,81,27,6.26
315,Salvador,SV,2020-07-11 23:17:24,13.83,-88.92,86.0,74,20,5.82
316,Port Macquarie,AU,2020-07-11 23:14:35,-31.43,152.92,54.0,98,100,2.33
317,Tazovskiy,RU,2020-07-11 23:17:26,67.47,78.7,49.28,76,0,8.88
318,Homer,US,2020-07-11 23:17:27,59.64,-151.55,64.4,63,40,11.41
319,Chokurdakh,RU,2020-07-11 23:17:28,70.63,147.92,62.28,53,59,7.99
320,Poum,NC,2020-07-11 23:17:29,-20.23,164.02,72.52,73,2,14.43
321,Sao Joao Da Barra,BR,2020-07-11 23:17:30,-21.64,-41.05,70.59,79,2,13.56
322,Liverpool,GB,2020-07-11 23:17:30,53.41,-2.98,53.6,76,0,3.36
323,Cabedelo,BR,2020-07-11 23:17:31,-6.98,-34.83,73.4,100,75,5.82
324,Bandrele,YT,2020-07-11 23:17:32,-12.91,45.19,69.8,88,1,1.12
325,Burley,US,2020-07-11 23:17:33,42.54,-113.79,93.2,18,1,10.29
326,Tamiahua,MX,2020-07-11 23:17:34,21.27,-97.45,86.02,67,97,10.31
327,Cayenne,GF,2020-07-11 23:17:35,4.93,-52.33,80.6,83,48,2.24
328,Shache,CN,2020-07-11 23:17:36,38.42,77.24,68.7,27,81,1.79
329,Bemidji,US,2020-07-11 23:15:15,47.47,-94.88,79.0,50,1,8.05
330,Bela,IN,2020-07-11 23:17:38,25.93,81.98,86.68,70,44,8.01
331,Portoferraio,IT,2020-07-11 23:17:39,42.81,10.31,75.0,65,0,7.45
332,Kloulklubed,PW,2020-07-11 23:16:00,7.04,134.26,82.4,83,75,3.36
333,Salta,AR,2020-07-11 23:17:41,-24.79,-65.41,55.4,47,0,5.82
334,Ulaanbaatar,MN,2020-07-11 23:17:42,47.91,106.88,53.6,87,39,2.24
335,Ust-Maya,RU,2020-07-11 23:17:43,60.42,134.53,69.08,65,74,6.69
336,Cerritos,US,2020-07-11 23:16:42,33.86,-118.06,96.8,16,20,10.29
337,Tulum,MX,2020-07-11 23:14:52,20.22,-87.47,87.8,70,40,4.7
338,Thanh Hoa,VN,2020-07-11 23:17:46,19.8,105.77,82.27,75,100,3.38
339,Yulara,AU,2020-07-11 23:17:47,-25.24,130.99,33.8,80,0,10.29
340,Zemio,CF,2020-07-11 23:17:48,5.03,25.14,68.61,95,100,2.06
341,Olinda,BR,2020-07-11 23:17:49,-8.01,-34.86,73.4,94,75,3.36
342,Peterhead,GB,2020-07-11 23:17:50,57.51,-1.8,55.4,66,84,9.17
343,Lavumisa,SZ,2020-07-11 23:17:51,-27.31,31.89,46.4,93,0,5.37
344,Sarukhan,AM,2020-07-11 23:17:51,40.29,45.13,66.2,88,20,5.88
345,San Patricio,MX,2020-07-11 23:17:52,19.22,-104.7,87.8,79,75,5.82
346,Lida,BY,2020-07-11 23:17:53,53.88,25.3,53.51,94,100,5.77
347,Salinas,US,2020-07-11 23:17:55,36.68,-121.66,78.01,53,1,12.75
348,Praia Da Vitoria,PT,2020-07-11 23:17:56,38.73,-27.07,69.8,73,40,11.12
349,Rabaul,PG,2020-07-11 23:17:57,-4.2,152.17,82.89,73,68,8.48
350,Yenagoa,NG,2020-07-11 23:17:58,4.92,6.26,73.27,95,100,2.71
351,Vostok,RU,2020-07-11 23:17:59,46.49,135.88,65.88,70,54,2.62
352,Kaura Namoda,NG,2020-07-11 23:18:00,12.59,6.58,80.96,67,67,12.57
353,Jiwani,PK,2020-07-11 23:18:01,25.05,61.74,83.75,81,94,4.9
354,Obu,JP,2020-07-11 23:18:02,35.0,136.97,81.0,78,75,5.82
355,Quatre Cocos,MU,2020-07-11 23:18:03,-20.21,57.76,72.0,77,40,16.11
356,Skelleftea,SE,2020-07-11 23:18:04,64.75,20.95,48.2,100,86,4.7
357,Ponta Delgada,PT,2020-07-11 23:16:42,37.73,-25.67,68.0,72,75,5.82
358,Peleduy,RU,2020-07-11 23:18:06,59.63,112.74,68.85,73,56,4.14
359,Xuchang,CN,2020-07-11 23:18:07,34.02,113.82,66.2,100,90,13.42
360,Cairns,AU,2020-07-11 23:18:08,-16.92,145.77,73.0,83,90,8.05
361,Asyut,EG,2020-07-11 23:18:09,27.18,31.18,80.6,39,0,10.29
362,Dunmore East,IE,2020-07-11 23:18:10,52.15,-6.99,55.0,93,73,4.7
363,Talnakh,RU,2020-07-11 23:18:11,69.49,88.4,46.4,100,90,11.18
364,Rawson,AR,2020-07-11 23:15:45,-43.3,-65.1,42.48,62,5,25.48
365,Manggar,ID,2020-07-11 23:18:13,-2.88,108.27,79.79,85,54,8.7
366,Chihuahua,MX,2020-07-11 23:17:03,28.5,-106.0,96.8,14,40,6.93
367,Ormara,PK,2020-07-11 23:18:15,25.21,64.64,84.56,80,100,15.68
368,Sola,VU,2020-07-11 23:18:16,-13.88,167.55,80.65,80,57,25.05
369,Ahipara,NZ,2020-07-11 23:18:17,-35.17,173.17,57.38,69,33,7.02
370,Petropavlovsk-Kamchatskiy,RU,2020-07-11 23:18:19,53.05,158.65,57.2,100,90,8.95
371,Recea Cristur,RO,2020-07-11 23:19:29,47.07,23.53,70.0,83,54,4.7
372,Fairbanks,US,2020-07-11 23:19:30,64.84,-147.72,68.0,37,20,6.93
373,Kearney,US,2020-07-11 23:19:31,40.7,-99.08,84.2,54,1,12.75
374,Lanigan,CA,2020-07-11 23:19:32,51.85,-105.03,72.9,56,0,6.6
375,Aswan,EG,2020-07-11 23:19:33,24.09,32.91,87.64,22,0,13.53
376,Mollendo,PE,2020-07-11 23:19:34,-17.02,-72.01,58.33,78,45,4.63
377,Redmond,US,2020-07-11 23:15:53,47.67,-122.12,69.01,65,100,11.27
378,Vardo,NO,2020-07-11 23:19:35,70.37,31.11,47.07,89,19,12.12
379,Labuhan,ID,2020-07-11 23:19:36,-6.88,112.21,75.92,85,80,8.03
380,Buin,CL,2020-07-11 23:19:37,-33.73,-70.75,57.2,81,75,4.7
381,Yar-Sale,RU,2020-07-11 23:19:38,66.83,70.83,55.44,63,100,1.97
382,Pierre,US,2020-07-11 23:19:39,44.37,-100.35,84.99,28,1,18.34
383,Bad Rappenau,DE,2020-07-11 23:19:40,49.24,9.1,53.01,74,45,3.96
384,Lagoa,PT,2020-07-11 23:19:41,39.05,-27.98,69.26,86,34,14.74
385,Bandarbeyla,SO,2020-07-11 23:19:42,9.49,50.81,80.24,70,68,35.16
386,Tiarei,PF,2020-07-11 23:19:43,-17.53,-149.33,86.0,48,20,16.11
387,Laguna,US,2020-07-11 23:14:48,38.42,-121.42,105.01,10,1,4.7
388,Snyder,US,2020-07-11 23:19:45,32.72,-100.92,105.8,19,1,18.34
389,Entre Rios,BR,2020-07-11 23:19:46,-11.94,-38.08,67.71,98,38,3.87
390,Buffalo,US,2020-07-11 23:19:47,42.89,-78.88,73.4,83,90,12.75
391,Udalguri,IN,2020-07-11 23:19:48,26.77,92.13,76.1,95,100,2.39
392,Dogondoutchi,NE,2020-07-11 23:19:48,13.64,4.03,89.08,46,26,11.81
393,Neuquen,AR,2020-07-11 23:19:14,-38.95,-68.06,48.2,57,20,13.87
394,Hay River,CA,2020-07-11 23:19:50,60.82,-115.8,71.6,60,75,2.24
395,Bereda,ES,2020-07-11 23:19:51,43.27,-7.54,63.0,95,41,10.0
396,Soto La Marina,MX,2020-07-11 23:19:53,23.77,-98.22,89.01,68,53,11.99
397,Isangel,VU,2020-07-11 23:19:54,-19.55,169.27,78.8,69,20,11.41
398,Dalbandin,PK,2020-07-11 23:19:55,28.89,64.41,80.87,20,0,3.74
399,Pedasi,PA,2020-07-11 23:19:56,7.53,-80.03,77.92,85,100,9.73
400,Camacha,PT,2020-07-11 23:19:56,33.08,-16.33,68.0,82,40,13.87
401,Saint-Joseph,RE,2020-07-11 23:19:57,-21.37,55.62,66.2,77,30,3.36
402,Namatanai,PG,2020-07-11 23:19:58,-3.67,152.43,82.54,76,62,6.62
403,Muhos,FI,2020-07-11 23:19:59,64.81,25.99,55.4,93,100,4.7
404,Srandakan,ID,2020-07-11 23:20:00,-7.94,110.25,75.47,88,75,5.68
405,Egvekinot,RU,2020-07-11 23:20:01,66.32,-179.17,59.25,47,3,4.47
406,Hauterive,FR,2020-07-11 23:20:02,46.09,3.45,62.6,48,55,3.36
407,Virginia Beach,US,2020-07-11 23:17:16,36.85,-75.98,91.4,41,40,12.75
408,Katobu,ID,2020-07-11 23:20:04,-4.94,122.53,75.36,92,26,1.97
409,Pannonhalma,HU,2020-07-11 23:20:05,47.55,17.76,57.2,87,75,12.75
410,Palu,ID,2020-07-11 23:16:34,-0.89,119.87,76.62,80,88,2.28
411,Kapuskasing,CA,2020-07-11 23:20:07,49.42,-82.43,66.2,72,75,11.41
412,Labytnangi,RU,2020-07-11 23:20:08,66.66,66.42,55.02,87,100,10.8
413,Iskateley,RU,2020-07-11 23:20:08,67.68,53.15,50.72,82,8,4.41
414,Dongsheng,CN,2020-07-11 23:20:09,39.82,109.98,60.87,82,100,12.37
415,Kantunilkin,MX,2020-07-11 23:20:10,21.09,-87.45,80.6,74,75,2.24
416,Dalvik,IS,2020-07-11 23:20:11,65.97,-18.53,51.8,87,90,1.12
417,Hit,IQ,2020-07-11 23:20:12,33.64,42.83,90.39,16,0,12.19
418,Deputatskiy,RU,2020-07-11 23:20:13,69.3,139.9,67.96,44,59,4.72
419,Gbadolite,CD,2020-07-11 23:20:14,4.28,21.02,70.68,95,100,3.91
420,Jhargram,IN,2020-07-11 23:20:15,22.45,86.98,81.75,81,97,5.57
421,Solnechnyy,RU,2020-07-11 23:20:16,50.72,136.63,66.52,73,79,4.5
422,Kamenka,RU,2020-07-11 23:20:17,51.32,42.77,62.01,76,0,3.0
423,Shieli,KZ,2020-07-11 23:20:17,44.17,66.75,78.19,29,0,12.44
424,Barwala,IN,2020-07-11 23:20:18,29.38,75.92,87.49,56,55,5.37
425,Torit,SS,2020-07-11 23:20:19,4.41,32.57,68.97,90,53,2.89
426,Yantal,RU,2020-07-11 23:20:20,56.85,105.25,60.21,71,66,3.04
427,Taicheng,CN,2020-07-11 23:20:21,38.73,113.23,61.66,94,100,1.59
428,Taos,US,2020-07-11 23:18:03,36.41,-105.57,96.8,6,1,4.7
429,Sabadell,ES,2020-07-11 23:20:23,41.54,2.11,78.01,83,0,4.16
430,Whitefish,US,2020-07-11 23:18:23,48.41,-114.34,81.0,32,1,10.29
431,Te Anau,NZ,2020-07-11 23:20:25,-45.42,167.72,47.84,81,100,3.38
432,Axim,GH,2020-07-11 23:20:26,4.87,-2.24,74.59,87,67,7.9
433,Moose Factory,CA,2020-07-11 23:20:27,51.26,-80.61,57.2,93,90,8.05
434,Kipushi,CD,2020-07-11 23:20:28,-11.77,27.23,59.38,57,0,2.75
435,Chapais,CA,2020-07-11 23:20:29,49.78,-74.85,68.0,94,90,4.7
436,Talcahuano,CL,2020-07-11 23:15:59,-36.72,-73.12,50.0,93,40,5.82
437,Tandalti,SD,2020-07-11 23:20:32,13.02,31.87,89.11,42,38,13.42
438,Ambilobe,MG,2020-07-11 23:20:32,-13.2,49.05,69.49,83,80,3.15
439,Tabou,CI,2020-07-11 23:20:33,4.42,-7.35,75.16,77,100,7.65
440,Sulzbach-Rosenberg,DE,2020-07-11 23:20:35,49.5,11.75,54.0,93,40,2.35
441,Kupang,ID,2020-07-11 23:20:37,-10.17,123.58,77.0,78,20,6.93
442,Fram,PY,2020-07-11 23:20:38,-26.98,-55.88,69.8,88,93,5.82
443,Plover,US,2020-07-11 23:20:39,44.46,-89.54,80.01,50,1,4.7
444,Hami,CN,2020-07-11 23:20:40,42.8,93.45,78.12,26,86,5.39
445,Constantine,DZ,2020-07-11 23:20:41,36.37,6.61,77.0,44,20,1.12
446,Las Vegas,US,2020-07-11 23:18:57,36.17,-115.14,113.0,9,1,11.41
447,Gat,IL,2020-07-11 23:20:42,31.61,34.76,77.0,73,1,1.59
448,Mayahi,NE,2020-07-11 23:20:43,13.96,7.67,89.15,41,34,8.75
449,Killybegs,IE,2020-07-11 23:20:44,54.63,-8.45,44.01,91,85,1.99
450,Hammerfest,NO,2020-07-11 23:20:45,70.66,23.68,53.6,66,99,9.17
451,Acari,PE,2020-07-11 23:20:46,-15.43,-74.62,60.82,65,15,4.65
452,Yeppoon,AU,2020-07-11 23:20:47,-23.13,150.73,62.6,93,40,1.32
453,Pitkyaranta,RU,2020-07-11 23:20:48,61.57,31.48,55.04,91,93,17.52
454,Belaya Gora,RU,2020-07-11 23:20:49,68.53,146.42,71.83,46,93,6.6
455,Kasongo-Lunda,CD,2020-07-11 23:20:50,-6.47,16.82,81.48,40,92,3.13
456,Novyy Urgal,RU,2020-07-11 23:20:50,51.07,132.56,69.28,76,13,1.63
457,Portland,US,2020-07-11 23:17:35,45.52,-122.68,80.01,50,75,11.41
458,Changji,CN,2020-07-11 23:20:52,44.02,87.32,69.8,52,59,8.95
459,Juneau,US,2020-07-11 23:20:53,58.3,-134.42,59.0,72,90,14.99
460,Alofi,NU,2020-07-11 23:20:54,-19.06,-169.92,75.2,94,80,16.11
461,Yafran,LY,2020-07-11 23:20:55,32.06,12.53,69.01,71,0,4.59
462,Severo-Kurilsk,RU,2020-07-11 23:20:56,50.68,156.12,51.19,91,100,5.44
463,Borjomi,GE,2020-07-11 23:20:57,41.85,43.41,60.91,80,83,4.34
464,Chia,CO,2020-07-11 23:20:58,4.86,-74.06,55.4,87,90,2.24
465,Metro,ID,2020-07-11 23:20:59,-5.11,105.31,73.42,94,85,3.53
466,Salalah,OM,2020-07-11 23:21:00,17.02,54.09,80.6,100,90,4.7
467,Alvorada,BR,2020-07-11 23:21:00,-12.48,-49.12,77.52,46,22,2.93
468,Marquette,US,2020-07-11 23:21:01,46.53,-87.63,68.0,79,45,10.25
469,Port Hawkesbury,CA,2020-07-11 23:21:02,45.62,-61.35,64.4,100,90,9.17
470,Fortuna,US,2020-07-11 23:21:03,40.6,-124.16,68.0,63,20,14.99
471,Linxia,CN,2020-07-11 23:21:04,35.6,103.21,54.54,78,0,2.39
472,Alta Floresta,BR,2020-07-11 23:21:06,-9.88,-56.09,80.31,45,32,2.59
473,Dhidhdhoo,MV,2020-07-11 23:21:07,6.88,73.1,80.89,82,100,15.35
474,Mosquera,CO,2020-07-11 23:19:57,4.71,-74.23,55.4,87,90,2.24
475,Katangli,RU,2020-07-11 23:21:09,51.71,143.23,53.29,90,100,5.28
476,Tilichiki,RU,2020-07-11 23:21:10,60.47,166.1,53.29,87,99,4.88
477,Agirish,RU,2020-07-11 23:21:11,61.92,63.02,58.26,64,27,7.87
478,Mountain Home,US,2020-07-11 23:17:00,43.13,-115.69,100.4,6,1,5.82
479,Nouadhibou,MR,2020-07-11 23:21:13,20.93,-17.03,69.8,83,0,14.99
480,Makakilo City,US,2020-07-11 23:16:17,21.35,-158.09,87.8,48,75,11.41
481,Honningsvag,NO,2020-07-11 23:21:15,70.98,25.97,49.75,77,100,8.7
482,Opuwo,NA,2020-07-11 23:21:16,-18.06,13.84,50.61,43,0,5.97
483,Santa Barbara,US,2020-07-11 23:17:27,34.42,-119.7,91.99,64,1,9.17
484,Nelson Bay,AU,2020-07-11 23:21:18,-32.72,152.15,57.0,93,68,10.29
485,Walvis Bay,NA,2020-07-11 23:21:19,-22.96,14.51,52.0,87,0,6.93
486,Daru,PG,2020-07-11 23:21:20,-9.08,143.21,77.49,90,100,13.02
487,San Quintin,MX,2020-07-11 23:21:21,30.48,-115.95,80.49,47,43,13.71
488,Pangai,TO,2020-07-11 23:21:21,-19.8,-174.35,75.7,82,80,22.55
489,Hasaki,JP,2020-07-11 23:21:23,35.73,140.83,82.0,83,75,9.17
490,Saint-Louis,SN,2020-07-11 23:21:24,16.33,-15.0,91.4,46,79,6.93
491,Tessalit,ML,2020-07-11 23:21:26,20.2,1.01,90.12,30,98,12.84
492,Kikwit,CD,2020-07-11 23:21:27,-5.04,18.82,78.55,54,16,2.3
493,Auki,SB,2020-07-11 23:21:29,-8.77,160.7,82.8,75,69,5.99
494,Suraabad,AZ,2020-07-11 23:21:30,40.82,49.47,80.6,54,20,4.7
495,Cap-Aux-Meules,CA,2020-07-11 23:21:30,47.38,-61.86,68.0,88,75,19.46
496,Novouzensk,RU,2020-07-11 23:21:31,50.46,48.14,71.38,89,20,12.71
497,Belousovka,KZ,2020-07-11 23:21:32,50.13,82.52,51.8,93,40,4.47
498,Hwange,ZW,2020-07-11 23:21:33,-18.37,26.5,56.39,36,0,8.63
499,Rio Gallegos,AR,2020-07-11 23:17:30,-51.62,-69.22,32.0,94,75,13.87
500,High Level,CA,2020-07-11 23:21:35,58.52,-117.14,73.4,46,75,3.36
501,Nome,US,2020-07-11 23:17:37,64.5,-165.41,68.0,63,1,10.29
502,Faro,PT,2020-07-11 23:21:38,37.02,-7.93,78.8,57,0,6.93
503,Gobabis,NA,2020-07-11 23:21:39,-22.45,18.97,37.4,55,0,1.12
504,Jerez,GT,2020-07-11 23:21:40,14.1,-89.75,89.6,40,17,5.82
505,Bubaque,GW,2020-07-11 23:21:40,11.28,-15.83,78.62,89,100,14.27
506,Ostrovnoy,RU,2020-07-11 23:21:41,68.05,39.51,50.36,85,49,1.83
507,Vila Franca Do Campo,PT,2020-07-11 23:21:43,37.72,-25.43,68.0,72,75,5.82
508,Bhindar,IN,2020-07-11 23:21:44,24.5,74.18,77.63,86,100,12.5
509,Makasar,ID,2020-07-11 23:21:45,-5.14,119.42,73.4,100,20,1.12
510,Katherine,AU,2020-07-11 23:21:46,-14.47,132.27,73.4,56,16,9.17
511,Nyuksenitsa,RU,2020-07-11 23:21:47,60.41,44.24,63.88,94,71,10.36
512,Tongren,CN,2020-07-11 23:21:48,27.72,109.19,75.49,87,100,2.48
513,Agadir,MA,2020-07-11 23:21:49,30.42,-9.6,69.8,88,0,7.83
514,Magadan,RU,2020-07-11 23:21:50,59.57,150.8,60.87,74,4,2.1
515,Palmas,BR,2020-07-11 23:21:51,-10.21,-48.36,78.8,65,87,5.82
516,Antofagasta,CL,2020-07-11 23:21:52,-23.65,-70.4,57.2,76,75,10.29
517,Madera,US,2020-07-11 23:21:53,37.17,-119.83,105.01,14,0,3.0
518,Esmeraldas,BR,2020-07-11 23:21:54,-19.76,-44.31,68.0,64,0,5.82
519,Nioro,GM,2020-07-11 23:21:55,13.35,-15.75,78.71,86,100,6.13
520,Amapa,BR,2020-07-11 23:21:56,1.0,-52.0,73.67,97,82,2.13
521,Ugoofaaru,MV,2020-07-11 23:21:57,5.67,73.0,82.9,73,97,6.08
522,Ust-Karsk,RU,2020-07-11 23:21:59,52.7,118.81,78.57,43,27,1.32
523,Hualmay,PE,2020-07-11 23:22:00,-11.1,-77.61,61.3,79,3,8.59
524,Remanso,BR,2020-07-11 23:22:01,-9.62,-42.08,78.53,56,32,12.71
525,Priladozhskiy,RU,2020-07-11 23:22:02,59.85,31.48,55.0,99,60,15.43
526,Grand Gaube,MU,2020-07-11 23:22:03,-20.01,57.66,71.01,60,32,8.99
527,Nadym,RU,2020-07-11 23:22:04,65.53,72.52,54.48,67,100,11.65
528,Mount Isa,AU,2020-07-11 23:22:05,-20.73,139.5,57.2,40,0,21.92
529,Casino,AU,2020-07-11 23:22:06,-28.87,153.05,64.0,93,96,4.7
530,Juba,SS,2020-07-11 23:22:07,4.85,31.58,70.23,93,84,3.33
531,Atbasar,KZ,2020-07-11 23:22:08,51.8,68.33,67.66,87,66,8.05
532,Nyurba,RU,2020-07-11 23:22:09,63.28,118.33,68.85,89,43,8.55
533,Broken Hill,AU,2020-07-11 23:22:10,-31.95,141.43,41.0,93,75,5.82
534,Maryville,US,2020-07-11 23:22:10,35.76,-83.97,86.0,42,20,9.17
535,Zilupe,LV,2020-07-11 23:22:11,56.39,28.12,52.56,86,81,5.1
536,Jiaojiang,CN,2020-07-11 23:22:12,28.68,121.44,84.0,85,91,3.0
537,Vila Do Maio,CV,2020-07-11 23:22:13,15.13,-23.22,77.0,73,75,14.99
538,Saint-Ambroise,CA,2020-07-11 23:22:14,48.55,-71.33,75.0,100,90,13.87
539,Ihosy,MG,2020-07-11 23:22:15,-22.4,46.12,60.17,83,87,5.88
540,Pinawa,CA,2020-07-11 23:22:17,50.15,-95.88,76.17,44,32,8.39
541,Mecca,SA,2020-07-11 23:22:18,21.43,39.83,83.75,15,0,3.98
542,Sechura,PE,2020-07-11 23:22:19,-5.56,-80.82,69.37,66,3,18.32
543,Marsh Harbour,BS,2020-07-11 23:17:33,26.54,-77.06,82.58,76,100,26.69
544,Pithoragarh,IN,2020-07-11 23:22:21,29.58,80.22,64.36,97,37,0.36
545,Bayshore Gardens,US,2020-07-11 23:22:21,27.43,-82.59,88.0,70,1,6.93
546,Umm Lajj,SA,2020-07-11 23:22:22,25.02,37.27,82.11,69,0,5.28
547,Morondava,MG,2020-07-11 23:22:23,-20.28,44.28,69.55,61,0,3.15
548,Grand-Santi,GF,2020-07-11 23:22:25,4.25,-54.38,74.21,95,80,3.47
549,Obertyn,UA,2020-07-11 23:22:26,48.7,25.17,63.0,83,81,11.99
550,Goba,ET,2020-07-11 23:22:27,7.02,39.98,51.46,83,46,2.77
551,Pacifica,US,2020-07-11 23:21:09,37.61,-122.49,66.0,72,1,13.87
552,Bintulu,MY,2020-07-11 23:22:29,3.17,113.03,77.0,94,40,3.36
553,Shitanjing,CN,2020-07-11 23:22:30,39.23,106.34,69.13,46,100,3.0
554,Filadelfia,US,2020-07-11 23:19:03,39.95,-75.16,88.0,48,40,19.46
555,Raahe,FI,2020-07-11 23:22:33,64.68,24.48,55.4,93,36,4.7
556,Monrovia,LR,2020-07-11 23:22:34,6.3,-10.8,75.99,80,59,11.27
557,Puerto Padre,CU,2020-07-11 23:22:35,21.2,-76.6,78.8,88,75,3.36
558,Shimoda,JP,2020-07-11 23:22:36,34.67,138.95,75.2,100,75,19.46
559,Buraydah,SA,2020-07-11 23:22:37,26.33,43.98,89.6,29,0,9.17
560,Karratha,AU,2020-07-11 23:22:38,-20.74,116.85,60.39,33,0,19.04
561,Maceio,BR,2020-07-11 23:21:05,-9.67,-35.74,71.6,94,75,3.36
562,Kimbe,PG,2020-07-11 23:22:40,-5.55,150.14,82.35,71,13,5.26
563,Aykhal,RU,2020-07-11 23:22:41,66.0,111.5,57.2,67,20,8.95
564,Gamba,GA,2020-07-11 23:22:43,-2.65,10.0,72.54,90,62,6.6
565,Havre,FR,2020-07-11 23:22:44,49.58,0.33,53.6,81,0,4.7
566,Melton,AU,2020-07-11 23:19:23,-37.68,144.58,50.0,96,98,4.74
