City_ID,City,Country,Date,Lat,Lng,Max Temp,Humidity,Cloudiness,Wind Speed,Weather Description,Rainfall,Snowfall
0,Rikitea,PF,2020-07-13 01:46:32,-23.12,-134.97,70.93,75,54,13.18,broken clouds,0.0,0
1,Charters Towers,AU,2020-07-13 01:46:32,-20.1,146.27,66.83,30,39,16.58,scattered clouds,0.0,0
2,Vaini,TO,2020-07-13 01:46:33,-21.2,-175.2,77.0,78,75,17.22,light intensity shower rain,0.0,0
3,Cape Town,ZA,2020-07-13 01:54:16,-33.93,18.42,59.0,67,75,31.09,broken clouds,0.0,0
4,Mataura,NZ,2020-07-13 01:54:32,-46.19,168.86,45.0,83,83,4.92,broken clouds,0.0,0
5,Sitka,US,2020-07-13 01:54:13,57.05,-135.33,57.2,76,90,8.05,overcast clouds,0.0,0
6,Gizo,SB,2020-07-13 01:54:32,-8.1,156.84,81.68,78,100,9.15,light rain,0.54,0
7,Nizhniy Kuranakh,RU,2020-07-13 01:49:44,58.84,125.49,88.61,40,63,3.89,broken clouds,0.0,0
8,East London,ZA,2020-07-13 01:54:33,-33.02,27.91,61.79,31,0,12.17,clear sky,0.0,0
9,Kijang,KR,2020-07-13 01:54:33,35.24,129.21,68.0,88,90,12.75,heavy intensity rain,0.0,0
10,Cockburn Town,TC,2020-07-13 01:46:36,21.46,-71.14,83.23,79,0,15.73,clear sky,0.0,0
11,Busselton,AU,2020-07-13 01:54:33,-33.65,115.33,63.0,70,88,14.63,light rain,0.32,0
12,Chuy,UY,2020-07-13 01:54:33,-33.7,-53.46,43.05,73,49,9.24,scattered clouds,0.0,0
13,Mayo,US,2020-07-13 01:54:34,38.89,-76.51,82.4,65,20,10.29,few clouds,0.0,0
14,Lagoa,PT,2020-07-13 01:50:01,39.05,-27.98,68.65,80,0,15.57,clear sky,0.0,0
15,Port Alfred,ZA,2020-07-13 01:54:34,-33.59,26.89,60.64,32,0,9.51,clear sky,0.0,0
16,Hobart,AU,2020-07-13 01:54:18,-42.88,147.33,50.0,70,75,6.93,broken clouds,0.0,0
17,Tiarei,PF,2020-07-13 01:49:54,-17.53,-149.33,80.6,69,75,16.11,broken clouds,0.0,0
18,Umm Lajj,SA,2020-07-13 01:54:35,25.02,37.27,81.88,77,64,5.14,broken clouds,0.0,0
19,Sicamous,CA,2020-07-13 01:54:35,50.83,-118.99,57.0,86,90,3.02,overcast clouds,0.0,0
20,Namibe,AO,2020-07-13 01:54:35,-15.2,12.15,62.08,78,0,8.43,clear sky,0.0,0
21,Punta Arenas,CL,2020-07-13 01:52:07,-53.15,-70.92,33.8,86,22,16.11,few clouds,0.0,0
22,Huarmey,PE,2020-07-13 01:54:35,-10.07,-78.15,62.04,83,24,5.7,few clouds,0.0,0
23,Selfoss,IS,2020-07-13 01:54:36,63.93,-21.0,48.99,98,100,1.99,light rain,0.17,0
24,Makubetsu,JP,2020-07-13 01:54:36,45.37,141.82,60.8,82,75,9.17,broken clouds,0.0,0
25,Cabedelo,BR,2020-07-13 01:49:57,-6.98,-34.83,71.6,94,0,4.7,clear sky,0.0,0
26,Mehamn,NO,2020-07-13 01:54:36,71.04,27.85,48.22,81,0,4.05,clear sky,0.0,0
27,Tateyama,JP,2020-07-13 01:51:36,34.98,139.87,75.99,83,75,8.05,broken clouds,0.0,0
28,Pinheiro,BR,2020-07-13 01:54:37,-2.52,-45.08,72.55,93,100,2.39,overcast clouds,0.0,0
29,Dikson,RU,2020-07-13 01:54:37,73.51,80.55,40.75,97,100,5.26,overcast clouds,0.0,0
30,Sinnamary,GF,2020-07-13 01:54:37,5.38,-52.95,77.67,88,66,7.23,light rain,0.51,0
31,Hithadhoo,MV,2020-07-13 01:54:37,-0.6,73.08,84.43,75,38,10.45,scattered clouds,0.0,0
32,Thinadhoo,MV,2020-07-13 01:54:37,0.53,72.93,84.99,70,82,8.01,broken clouds,0.0,0
33,Nanortalik,GL,2020-07-13 01:54:08,60.14,-45.24,45.54,86,100,3.44,overcast clouds,0.0,0
34,Kapaa,US,2020-07-13 01:54:38,22.08,-159.32,78.8,83,75,14.99,light rain,0.51,0
35,Oistins,BB,2020-07-13 01:54:38,13.07,-59.53,82.4,78,40,16.11,scattered clouds,0.0,0
36,Albany,US,2020-07-13 01:54:38,42.6,-73.97,78.01,88,90,4.94,overcast clouds,0.0,0
37,Ushuaia,AR,2020-07-13 01:50:13,-54.8,-68.3,35.6,80,40,20.8,shower rain,0.0,0
38,Walvis Bay,NA,2020-07-13 01:54:39,-22.96,14.51,53.01,93,0,2.24,clear sky,0.0,0
39,Georgetown,MY,2020-07-13 01:54:39,5.41,100.34,82.4,83,20,5.82,few clouds,0.0,0
40,Faanui,PF,2020-07-13 01:54:39,-16.48,-151.75,78.82,76,100,14.09,overcast clouds,0.0,0
41,Souillac,MU,2020-07-13 01:50:00,-20.52,57.52,71.6,83,75,18.34,shower rain,0.0,0
42,Aykhal,RU,2020-07-13 01:54:41,66.0,111.5,66.2,48,0,8.95,clear sky,0.0,0
43,Bethel,US,2020-07-13 01:54:14,41.37,-73.41,78.01,83,40,4.7,scattered clouds,0.0,0
44,Suntar,RU,2020-07-13 01:54:41,62.14,117.63,71.92,77,91,5.59,overcast clouds,0.0,0
45,Tasiilaq,GL,2020-07-13 01:54:05,65.61,-37.64,37.4,93,27,5.82,scattered clouds,0.0,0
46,Bredasdorp,ZA,2020-07-13 01:54:07,-34.53,20.04,55.4,82,95,20.8,light rain,0.84,0
47,Kodiak,US,2020-07-13 01:54:14,57.79,-152.41,55.4,76,90,12.75,overcast clouds,0.0,0
48,Nikolskoye,RU,2020-07-13 01:54:42,59.7,30.79,51.01,87,0,1.74,fog,0.0,0
49,Khani,GE,2020-07-13 01:54:42,41.96,42.96,73.4,94,100,2.24,overcast clouds,0.0,0
50,Qaanaaq,GL,2020-07-13 01:54:42,77.48,-69.36,43.18,69,97,1.39,overcast clouds,0.0,0
51,Hermanus,ZA,2020-07-13 01:54:11,-34.42,19.23,54.0,76,86,8.01,light rain,0.39,0
52,Mar Del Plata,AR,2020-07-13 01:54:15,-38.0,-57.56,42.8,60,0,16.11,clear sky,0.0,0
53,Fairview,US,2020-07-13 01:54:44,40.81,-74.0,84.99,48,75,4.7,moderate rain,2.54,0
54,Saint-Philippe,RE,2020-07-13 01:54:44,-21.36,55.77,64.4,72,20,5.82,few clouds,0.0,0
55,Youhao,CN,2020-07-13 01:54:44,47.87,128.83,85.01,50,0,1.95,clear sky,0.0,0
56,Fairbanks,US,2020-07-13 01:49:54,64.84,-147.72,71.6,26,1,10.29,clear sky,0.0,0
57,Atuona,PF,2020-07-13 01:54:45,-9.8,-139.03,79.25,77,4,18.01,light rain,0.11,0
58,Los Llanos De Aridane,ES,2020-07-13 01:54:45,28.66,-17.92,71.6,78,90,12.75,overcast clouds,0.0,0
59,Belaya Gora,RU,2020-07-13 01:54:45,68.53,146.42,77.83,33,44,10.4,scattered clouds,0.0,0
60,Zhigansk,RU,2020-07-13 01:54:46,66.77,123.37,72.45,49,100,6.29,overcast clouds,0.0,0
61,Port Elizabeth,ZA,2020-07-13 01:54:46,-33.92,25.57,60.8,31,0,13.87,clear sky,0.0,0
62,Waingapu,ID,2020-07-13 01:54:46,-9.66,120.26,82.56,67,100,15.57,overcast clouds,0.0,0
63,Beringovskiy,RU,2020-07-13 01:54:47,63.05,179.32,50.45,86,100,8.93,overcast clouds,0.0,0
64,Hilo,US,2020-07-13 01:53:15,19.73,-155.09,82.4,61,40,9.17,scattered clouds,0.0,0
65,Ponca City,US,2020-07-13 01:54:47,36.71,-97.09,86.0,45,1,8.05,clear sky,0.0,0
66,San Patricio,MX,2020-07-13 01:49:52,19.22,-104.7,84.2,79,75,11.41,broken clouds,0.0,0
67,Katsuura,JP,2020-07-13 01:54:48,35.13,140.3,75.99,73,99,3.0,overcast clouds,0.0,0
68,Bandarbeyla,SO,2020-07-13 01:54:11,9.49,50.81,81.97,64,58,28.05,broken clouds,0.0,0
69,Jamestown,US,2020-07-13 01:52:36,42.1,-79.24,66.99,77,1,8.05,clear sky,0.0,0
70,Honiara,SB,2020-07-13 01:54:49,-9.43,159.95,86.0,74,75,11.41,broken clouds,0.0,0
71,Tottori,JP,2020-07-13 01:54:31,35.5,134.23,66.2,93,75,8.05,light rain,0.0,0
72,Kushima,JP,2020-07-13 01:54:49,31.46,131.23,82.0,88,75,6.93,broken clouds,0.0,0
73,Novobirilyussy,RU,2020-07-13 01:54:49,56.95,90.67,68.97,63,0,3.83,clear sky,0.0,0
74,Jiayuguan,CN,2020-07-13 01:54:50,39.82,98.3,82.67,23,100,8.95,overcast clouds,0.0,0
75,Talaya,RU,2020-07-13 01:54:50,61.38,152.75,74.66,33,38,2.53,scattered clouds,0.0,0
76,Zelenogorsk,RU,2020-07-13 01:54:51,56.11,94.59,68.52,64,0,6.82,clear sky,0.0,0
77,Raudeberg,NO,2020-07-13 01:54:51,61.99,5.14,53.6,81,60,9.17,broken clouds,0.0,0
78,Butaritari,KI,2020-07-13 01:54:51,3.07,172.79,83.53,76,86,12.24,light rain,0.46,0
79,Cururupu,BR,2020-07-13 01:54:51,-1.83,-44.87,73.98,91,52,2.42,broken clouds,0.0,0
80,Kahului,US,2020-07-13 01:54:52,20.89,-156.47,87.8,45,40,25.28,scattered clouds,0.0,0
81,Aasiaat,GL,2020-07-13 01:51:43,68.71,-52.87,35.2,87,0,3.6,clear sky,0.0,0
82,Bluff,NZ,2020-07-13 01:54:52,-46.6,168.33,48.2,74,92,14.32,overcast clouds,0.0,0
83,Mount Gambier,AU,2020-07-13 01:54:53,-37.83,140.77,53.6,93,0,4.7,clear sky,0.0,0
84,Necochea,AR,2020-07-13 01:54:53,-38.55,-58.74,35.01,83,8,7.0,clear sky,0.0,0
85,Barrow,US,2020-07-13 01:54:53,71.29,-156.79,39.2,80,90,6.93,overcast clouds,0.0,0
86,Corsicana,US,2020-07-13 01:54:53,32.1,-96.47,89.01,73,0,1.01,clear sky,0.0,0
87,Asamankese,GH,2020-07-13 01:54:53,5.86,-0.66,75.2,88,98,9.17,overcast clouds,0.0,0
88,El Alto,PE,2020-07-13 01:54:54,-4.27,-81.21,62.13,89,3,17.85,clear sky,0.0,0
89,Boende,CD,2020-07-13 01:54:54,-0.22,20.87,72.93,91,100,1.72,overcast clouds,0.0,0
90,Tourlaville,FR,2020-07-13 01:54:54,49.64,-1.57,60.01,87,7,3.36,clear sky,0.0,0
91,Aripuana,BR,2020-07-13 01:54:54,-9.17,-60.63,77.52,60,60,1.5,broken clouds,0.0,0
92,New Norfolk,AU,2020-07-13 01:54:02,-42.78,147.06,48.99,88,0,1.5,clear sky,0.0,0
93,Makakilo City,US,2020-07-13 01:52:22,21.35,-158.09,86.0,45,1,11.41,clear sky,0.0,0
94,Iqaluit,CA,2020-07-13 01:54:55,63.75,-68.51,57.2,67,40,11.41,shower rain,0.0,0
95,Sydney,AU,2020-07-13 01:52:37,-33.87,151.21,61.0,67,40,5.82,scattered clouds,0.0,0
96,Castro,BR,2020-07-13 01:54:56,-24.79,-50.01,57.54,89,2,4.38,clear sky,0.0,0
97,Qinhuangdao,CN,2020-07-13 01:54:56,39.93,119.59,78.21,56,100,1.36,overcast clouds,0.0,0
98,Kyra,RU,2020-07-13 01:54:56,49.58,111.98,72.54,62,2,1.72,clear sky,0.0,0
99,Auki,SB,2020-07-13 01:54:57,-8.77,160.7,85.3,67,24,5.53,light rain,0.33,0
100,Torbay,CA,2020-07-13 01:54:57,47.67,-52.73,55.4,87,90,23.04,overcast clouds,0.0,0
101,Mudgee,AU,2020-07-13 01:54:57,-32.59,149.59,45.0,100,90,2.93,overcast clouds,0.0,0
102,Presidente Medici,BR,2020-07-13 01:54:57,-11.18,-61.9,75.78,62,1,0.89,clear sky,0.0,0
103,Bengkulu,ID,2020-07-13 01:52:14,-3.8,102.27,80.13,77,82,1.74,broken clouds,0.0,0
104,Sao Filipe,CV,2020-07-13 01:54:14,14.9,-24.5,75.04,81,100,1.43,overcast clouds,0.0,0
105,Adrar,MR,2020-07-13 01:54:58,20.5,-10.07,91.45,33,68,12.48,broken clouds,0.0,0
106,Piacabucu,BR,2020-07-13 01:54:58,-10.41,-36.43,73.87,85,0,6.44,light rain,0.11,0
107,Arraial Do Cabo,BR,2020-07-13 01:54:58,-22.97,-42.03,71.96,79,46,13.27,scattered clouds,0.0,0
108,Roald,NO,2020-07-13 01:54:59,62.58,6.13,50.0,81,49,2.24,scattered clouds,0.0,0
109,Saint Anthony,US,2020-07-13 01:54:59,45.02,-93.22,80.01,53,75,4.7,broken clouds,0.0,0
110,Havelock,US,2020-07-13 01:54:59,34.88,-76.9,82.99,78,40,4.7,scattered clouds,0.0,0
111,Hami,CN,2020-07-13 01:55:00,42.8,93.45,81.55,30,91,1.68,overcast clouds,0.0,0
112,Sandur,IN,2020-07-13 01:55:00,15.1,76.55,75.42,80,100,11.61,overcast clouds,0.0,0
113,Gouyave,GD,2020-07-13 01:55:00,12.16,-61.73,78.8,94,75,9.17,light intensity shower rain,0.0,0
114,Carnarvon,AU,2020-07-13 01:55:00,-24.87,113.63,68.0,77,0,5.82,clear sky,0.0,0
115,Aksarayskiy,RU,2020-07-13 01:55:00,46.79,48.01,80.6,34,0,13.42,clear sky,0.0,0
116,Puerto Ayora,EC,2020-07-13 01:55:01,-0.74,-90.35,68.0,92,46,1.01,scattered clouds,0.0,0
117,Tura,IN,2020-07-13 01:51:38,25.52,90.22,75.38,97,100,5.28,light rain,0.11,0
118,Caravelas,BR,2020-07-13 01:55:01,-17.71,-39.25,69.55,89,100,2.55,overcast clouds,0.0,0
119,Bay Roberts,CA,2020-07-13 01:55:03,47.6,-53.26,59.0,1,100,14.0,moderate rain,1.22,0
120,Brae,GB,2020-07-13 01:55:03,60.4,-1.35,53.6,87,100,11.41,light rain,0.0,0
121,Ponta Do Sol,PT,2020-07-13 01:55:03,32.67,-17.1,68.0,68,20,8.05,few clouds,0.0,0
122,Seoul,KR,2020-07-13 01:53:16,37.57,126.98,68.0,93,90,3.36,light rain,0.0,0
123,Black River,JM,2020-07-13 01:55:04,18.03,-77.85,81.0,83,20,4.7,few clouds,0.0,0
124,Russas,BR,2020-07-13 01:55:04,-4.94,-37.98,73.47,76,11,5.66,few clouds,0.0,0
125,Coihaique,CL,2020-07-13 01:50:42,-45.58,-72.07,30.2,86,51,3.36,broken clouds,0.0,0
126,Kasongo,CD,2020-07-13 01:55:04,-4.45,26.67,70.18,78,5,3.36,clear sky,0.0,0
127,Ribeira Grande,PT,2020-07-13 01:55:06,38.52,-28.7,68.72,81,8,15.7,clear sky,0.0,0
128,Annaka,JP,2020-07-13 01:55:06,36.32,138.9,78.01,94,85,1.01,overcast clouds,0.0,0
129,Neuquen,AR,2020-07-13 01:51:18,-38.95,-68.06,44.6,45,100,6.93,overcast clouds,0.0,0
130,Yellowknife,CA,2020-07-13 01:55:07,62.46,-114.35,71.6,43,75,6.93,broken clouds,0.0,0
131,Mecca,SA,2020-07-13 01:52:19,21.43,39.83,78.46,36,75,3.36,broken clouds,0.0,0
132,Esperance,AU,2020-07-13 01:55:07,-33.87,121.9,53.6,54,0,21.92,clear sky,0.0,0
133,Lorengau,PG,2020-07-13 01:55:07,-2.02,147.27,86.47,59,75,5.03,broken clouds,0.0,0
134,Grand Gaube,MU,2020-07-13 01:55:07,-20.01,57.66,72.0,76,2,5.99,light rain,0.16,0
135,Ukiah,US,2020-07-13 01:53:55,39.15,-123.21,93.2,21,1,6.93,clear sky,0.0,0
136,Kaitangata,NZ,2020-07-13 01:55:08,-46.28,169.85,46.99,66,25,4.0,scattered clouds,0.0,0
137,Masallatah,LY,2020-07-13 01:55:08,32.62,14.0,68.05,82,0,0.11,clear sky,0.0,0
138,Sisimiut,GL,2020-07-13 01:55:08,66.94,-53.67,49.06,67,50,11.9,scattered clouds,0.0,0
139,Batagay-Alyta,RU,2020-07-13 01:55:09,67.8,130.41,77.7,44,33,3.85,scattered clouds,0.0,0
140,Coron,PH,2020-07-13 01:55:09,12.0,120.2,87.94,62,100,2.68,overcast clouds,0.0,0
141,Pacific Grove,US,2020-07-13 01:55:09,36.62,-121.92,77.0,46,1,8.05,clear sky,0.0,0
142,Nantucket,US,2020-07-13 01:54:24,41.28,-70.1,70.0,88,1,11.41,clear sky,0.0,0
143,Tahta,EG,2020-07-13 01:55:09,26.77,31.5,75.6,53,0,7.45,clear sky,0.0,0
144,Coquimbo,CL,2020-07-13 01:55:10,-29.95,-71.34,53.6,87,48,1.12,scattered clouds,0.0,0
145,Ust-Nera,RU,2020-07-13 01:55:10,64.57,143.2,74.82,48,94,8.66,light rain,0.14,0
146,Mezen,RU,2020-07-13 01:55:10,65.85,44.24,50.81,85,19,2.53,few clouds,0.0,0
147,Fukue,JP,2020-07-13 01:55:10,32.69,128.84,78.8,94,75,13.87,broken clouds,0.0,0
148,Vanavara,RU,2020-07-13 01:55:10,60.34,102.28,74.8,49,20,1.43,few clouds,0.0,0
149,San-Pedro,CI,2020-07-13 01:55:11,4.75,-6.64,73.45,83,71,4.63,broken clouds,0.0,0
150,Nyurba,RU,2020-07-13 01:55:11,63.28,118.33,65.16,90,100,0.16,overcast clouds,0.0,0
151,Usinsk,RU,2020-07-13 01:55:11,65.99,57.53,48.52,88,94,18.52,overcast clouds,0.0,0
152,Taltal,CL,2020-07-13 01:55:11,-25.4,-70.48,54.79,78,33,3.09,scattered clouds,0.0,0
153,Upernavik,GL,2020-07-13 01:55:12,72.79,-56.15,41.27,89,77,8.77,broken clouds,0.0,0
154,Cherskiy,RU,2020-07-13 01:54:25,68.75,161.3,55.2,85,100,2.71,overcast clouds,0.0,0
155,Grand Falls,CA,2020-07-13 01:55:12,47.05,-67.74,71.6,83,1,6.93,clear sky,0.0,0
156,Bada,RU,2020-07-13 01:55:12,51.39,109.87,70.12,71,99,2.01,light rain,0.19,0
157,Guiglo,CI,2020-07-13 01:55:12,6.55,-7.5,71.08,95,98,2.71,overcast clouds,0.0,0
158,Sioux Lookout,CA,2020-07-13 01:55:13,50.1,-91.92,71.6,56,75,4.7,broken clouds,0.0,0
159,Vao,NC,2020-07-13 01:54:27,-22.67,167.48,72.19,78,98,18.16,overcast clouds,0.0,0
160,Paamiut,GL,2020-07-13 01:55:13,61.99,-49.67,44.58,84,100,12.24,light rain,0.27,0
161,Aklavik,CA,2020-07-13 01:55:13,68.22,-135.01,57.2,71,90,2.24,overcast clouds,0.0,0
162,Ranong,TH,2020-07-13 01:55:14,9.97,98.63,77.0,94,75,5.84,broken clouds,0.0,0
163,Shwebo,MM,2020-07-13 01:55:14,22.57,95.7,78.19,87,100,11.68,light rain,0.98,0
164,Junnar,IN,2020-07-13 01:55:14,19.2,73.88,73.6,85,99,7.07,overcast clouds,0.0,0
165,Porto Novo,BJ,2020-07-13 01:55:14,6.5,2.6,75.06,87,100,6.96,overcast clouds,0.0,0
166,Muhos,FI,2020-07-13 01:55:15,64.81,25.99,53.6,93,100,3.36,overcast clouds,0.0,0
167,Zhangjiakou,CN,2020-07-13 01:55:15,40.81,114.88,65.28,81,100,2.33,light rain,0.58,0
168,Pietarsaari,FI,2020-07-13 01:55:15,63.65,22.68,53.01,100,20,3.36,light intensity shower rain,0.0,0
169,Ingham,US,2020-07-13 01:54:08,42.6,-84.38,75.2,68,75,3.36,broken clouds,0.0,0
170,Soyo,AO,2020-07-13 01:55:15,-6.13,12.37,71.96,81,85,6.78,overcast clouds,0.0,0
171,Nanakuli,US,2020-07-13 01:55:16,21.39,-158.15,86.0,45,1,11.41,clear sky,0.0,0
172,Karratha,AU,2020-07-13 01:55:16,-20.74,116.85,71.13,22,0,18.63,clear sky,0.0,0
173,Severo-Kurilsk,RU,2020-07-13 01:55:16,50.68,156.12,51.22,88,98,9.95,overcast clouds,0.0,0
174,Barentu,ER,2020-07-13 01:55:16,15.11,37.59,69.08,80,24,8.28,few clouds,0.0,0
175,Aitape,PG,2020-07-13 01:55:16,-3.14,142.35,84.76,64,98,3.96,overcast clouds,0.0,0
176,Deputatskiy,RU,2020-07-13 01:54:19,69.3,139.9,72.55,43,73,8.28,broken clouds,0.0,0
177,Palana,RU,2020-07-13 01:55:17,59.12,159.97,56.48,88,81,5.64,broken clouds,0.0,0
178,Narsaq,GL,2020-07-13 01:55:17,60.92,-46.05,51.8,57,100,4.7,light rain,0.0,0
179,Huanren,CN,2020-07-13 01:55:18,41.26,125.37,80.49,69,100,0.98,light rain,0.74,0
180,Boffa,GN,2020-07-13 01:55:18,10.17,-14.03,73.26,96,94,2.95,moderate rain,3.39,0
181,Havre-Saint-Pierre,CA,2020-07-13 01:55:18,50.23,-63.6,69.8,94,90,2.24,overcast clouds,0.0,0
182,Bacungan,PH,2020-07-13 01:55:18,9.91,118.7,87.8,70,40,4.7,scattered clouds,0.0,0
183,Fort Nelson,CA,2020-07-13 01:55:19,58.81,-122.7,68.0,42,75,13.87,broken clouds,0.0,0
184,Cap Malheureux,MU,2020-07-13 01:55:19,-19.98,57.61,72.0,76,1,5.99,light rain,0.11,0
185,Vetas,CO,2020-07-13 01:55:19,7.31,-72.87,40.21,100,87,3.94,overcast clouds,0.0,0
186,Manali,IN,2020-07-13 01:55:19,13.17,80.27,77.0,94,75,5.82,haze,0.0,0
187,Henties Bay,NA,2020-07-13 01:55:20,-22.12,14.28,53.01,94,0,3.0,clear sky,0.0,0
188,Hobyo,SO,2020-07-13 01:55:20,5.35,48.53,78.4,78,83,16.35,broken clouds,0.0,0
189,Talcahuano,CL,2020-07-13 01:53:07,-36.72,-73.12,51.8,93,90,4.7,drizzle,0.0,0
190,Vila Velha,BR,2020-07-13 01:55:21,-20.33,-40.29,71.6,78,17,8.05,few clouds,0.0,0
191,Lappeenranta,FI,2020-07-13 01:55:22,61.06,28.19,50.0,93,0,2.24,clear sky,0.0,0
192,Brigantine,US,2020-07-13 01:55:22,39.41,-74.36,78.8,65,1,5.82,clear sky,0.0,0
193,Inhambane,MZ,2020-07-13 01:51:41,-23.86,35.38,58.57,81,27,8.41,scattered clouds,0.0,0
194,Lingyuan,CN,2020-07-13 01:52:34,41.24,119.4,67.84,83,100,4.52,overcast clouds,0.0,0
195,Naze,JP,2020-07-13 01:55:22,28.37,129.48,87.8,79,75,9.17,broken clouds,0.0,0
196,Avarua,CK,2020-07-13 01:55:23,-21.21,-159.78,68.0,94,100,4.7,moderate rain,0.0,0
197,Shagonar,RU,2020-07-13 01:55:23,51.53,92.8,61.03,83,100,1.77,light rain,0.19,0
198,Bambous Virieux,MU,2020-07-13 01:55:23,-20.34,57.76,72.0,83,75,18.34,shower rain,0.0,0
199,Port Blair,IN,2020-07-13 01:55:23,11.67,92.75,83.57,77,100,14.16,overcast clouds,0.0,0
200,Rafaela,AR,2020-07-13 01:55:24,-31.25,-61.49,48.99,39,100,1.99,overcast clouds,0.0,0
201,Bodrum,TR,2020-07-13 01:54:33,37.04,27.43,77.0,83,0,3.36,clear sky,0.0,0
202,Shreveport,US,2020-07-13 01:55:24,32.53,-93.75,91.4,55,1,4.7,clear sky,0.0,0
203,Cairo,EG,2020-07-13 01:50:45,30.06,31.25,73.26,75,0,8.46,clear sky,0.0,0
204,Victoria,HK,2020-07-13 01:54:40,22.29,114.16,90.0,66,8,10.0,clear sky,0.0,0
205,Barcelona,ES,2020-07-13 01:50:47,41.39,2.16,78.01,73,20,5.82,few clouds,0.0,0
206,Tezu,IN,2020-07-13 01:55:25,27.92,96.17,75.72,85,100,2.24,light rain,0.83,0
207,Hailar,CN,2020-07-13 01:55:25,49.2,119.7,82.29,41,100,6.38,overcast clouds,0.0,0
208,Micheweni,TZ,2020-07-13 01:55:25,-4.97,39.83,75.31,80,1,11.21,clear sky,0.0,0
209,Lebu,CL,2020-07-13 01:54:20,-37.62,-73.65,48.18,88,100,7.54,overcast clouds,0.0,0
210,Paita,PE,2020-07-13 01:55:26,-5.09,-81.11,63.5,84,0,14.81,clear sky,0.0,0
211,Juybar,IR,2020-07-13 01:55:26,36.64,52.91,75.2,94,90,4.7,light intensity shower rain,0.0,0
212,Elban,RU,2020-07-13 01:55:26,50.1,136.51,77.79,58,0,4.07,clear sky,0.0,0
213,Lavrentiya,RU,2020-07-13 01:55:26,65.58,-171.0,45.41,77,12,6.87,few clouds,0.0,0
214,Parati,BR,2020-07-13 01:55:26,-23.22,-44.71,73.98,58,7,6.13,clear sky,0.0,0
215,Kendari,ID,2020-07-13 01:55:27,-3.94,122.5,81.32,81,41,1.32,light rain,0.58,0
216,Sitangkai,PH,2020-07-13 01:55:27,4.66,119.39,83.23,70,100,6.4,overcast clouds,0.0,0
217,Miles City,US,2020-07-13 01:52:57,46.41,-105.84,89.6,24,1,16.11,clear sky,0.0,0
218,Nizwa,OM,2020-07-13 01:55:27,22.93,57.53,84.54,54,66,4.03,broken clouds,0.0,0
219,Touros,BR,2020-07-13 01:55:27,-5.2,-35.46,71.6,94,40,2.24,scattered clouds,0.0,0
220,Miraflores,MX,2020-07-13 01:55:27,19.22,-98.81,62.6,72,90,11.41,thunderstorm,0.0,0
221,Emerald,AU,2020-07-13 01:55:28,-23.53,148.17,66.2,32,0,12.75,clear sky,0.0,0
222,Roma,US,2020-07-13 01:54:10,43.21,-75.46,69.8,83,20,1.83,few clouds,0.0,0
223,Husavik,IS,2020-07-13 01:55:28,66.04,-17.34,51.8,93,40,2.24,drizzle,0.0,0
224,Ilulissat,GL,2020-07-13 01:55:28,69.22,-51.1,46.4,75,61,2.24,broken clouds,0.0,0
225,Tsarychanka,UA,2020-07-13 01:55:29,48.94,34.48,63.73,89,97,5.23,overcast clouds,0.0,0
226,Pangnirtung,CA,2020-07-13 01:55:29,66.15,-65.71,47.17,67,30,1.79,scattered clouds,0.0,0
227,Cam Ranh,VN,2020-07-13 01:55:29,11.92,109.16,91.4,59,20,3.36,few clouds,0.0,0
228,Flinders,AU,2020-07-13 01:55:29,-34.58,150.86,61.0,69,0,4.0,clear sky,0.0,0
229,Divnomorskoye,RU,2020-07-13 01:55:30,44.5,38.14,69.39,77,45,3.76,light rain,0.16,0
230,Atambua,ID,2020-07-13 01:55:31,-9.11,124.89,81.41,53,89,5.53,overcast clouds,0.0,0
231,Suar,IN,2020-07-13 01:55:31,29.03,79.05,86.22,64,0,2.17,clear sky,0.0,0
232,Sampit,ID,2020-07-13 01:55:31,-2.53,112.95,82.63,72,47,3.67,scattered clouds,0.0,0
233,Kavarna,BG,2020-07-13 01:55:31,43.43,28.33,60.8,72,20,14.99,few clouds,0.0,0
234,Mayumba,GA,2020-07-13 01:55:32,-3.43,10.66,71.24,90,100,4.74,overcast clouds,0.0,0
235,Morondava,MG,2020-07-13 01:55:32,-20.28,44.28,67.39,89,17,10.33,few clouds,0.0,0
236,Norden,DE,2020-07-13 01:55:32,53.6,7.2,51.01,93,74,2.24,broken clouds,0.0,0
237,Menongue,AO,2020-07-13 01:55:32,-14.66,17.69,46.78,52,0,4.54,clear sky,0.0,0
238,Xingyi,CN,2020-07-13 01:55:32,24.19,102.82,65.03,95,100,4.79,light rain,0.22,0
239,Okakarara,NA,2020-07-13 01:55:33,-20.58,17.43,42.1,56,0,4.74,clear sky,0.0,0
240,Zatoka,UA,2020-07-13 01:55:33,46.07,30.47,60.8,93,75,22.37,light intensity shower rain,0.0,0
241,Khatanga,RU,2020-07-13 01:55:33,71.97,102.5,60.51,61,76,16.58,broken clouds,0.0,0
242,Norman Wells,CA,2020-07-13 01:55:33,65.28,-126.83,66.2,68,75,4.7,broken clouds,0.0,0
243,Ostrovnoy,RU,2020-07-13 01:55:33,68.05,39.51,47.46,92,100,7.85,overcast clouds,0.0,0
244,Sarangani,PH,2020-07-13 01:55:34,5.4,125.46,82.9,69,49,5.61,scattered clouds,0.0,0
245,Bicas,BR,2020-07-13 01:55:34,-21.73,-43.06,62.01,94,66,3.74,broken clouds,0.0,0
246,Cognac,FR,2020-07-13 01:55:34,45.5,-0.25,64.0,51,0,5.82,clear sky,0.0,0
247,Bathsheba,BB,2020-07-13 01:54:47,13.22,-59.52,82.4,78,40,16.11,scattered clouds,0.0,0
248,Kudahuvadhoo,MV,2020-07-13 01:55:34,2.67,72.89,83.7,72,85,7.52,overcast clouds,0.0,0
249,Wasserburg,DE,2020-07-13 01:55:34,48.44,10.27,51.01,84,0,1.01,clear sky,0.0,0
250,Korla,CN,2020-07-13 01:55:00,41.76,86.15,78.55,17,53,14.63,broken clouds,0.0,0
251,Superior,US,2020-07-13 01:55:35,46.72,-92.1,73.4,68,1,4.7,clear sky,0.0,0
252,Tapes,BR,2020-07-13 01:55:35,-30.67,-51.4,52.66,85,1,7.76,clear sky,0.0,0
253,Tevaitoa,PF,2020-07-13 01:55:35,-16.78,-151.5,79.27,76,100,15.28,overcast clouds,0.0,0
254,Kruisfontein,ZA,2020-07-13 01:54:30,-34.0,24.73,54.46,37,0,7.56,clear sky,0.0,0
255,Bereda,ES,2020-07-13 01:55:36,43.27,-7.54,61.0,81,14,10.0,few clouds,0.0,0
256,Hasaki,JP,2020-07-13 01:55:36,35.73,140.83,72.0,88,75,4.7,broken clouds,0.0,0
257,Chokurdakh,RU,2020-07-13 01:55:36,70.63,147.92,73.96,40,33,8.61,scattered clouds,0.0,0
258,Katherine,AU,2020-07-13 01:55:36,-14.47,132.27,75.2,17,99,17.22,overcast clouds,0.0,0
259,Simao,CN,2020-07-13 01:55:37,22.79,100.97,65.8,96,100,4.45,heavy intensity rain,5.89,0
260,Pevek,RU,2020-07-13 01:55:37,69.7,170.31,50.7,66,34,6.8,scattered clouds,0.0,0
261,Bagepalli,IN,2020-07-13 01:55:37,13.78,77.79,71.6,100,40,8.05,scattered clouds,0.0,0
262,Ler,SS,2020-07-13 01:55:37,8.3,30.14,69.58,96,100,3.6,overcast clouds,0.0,0
263,Lusambo,CD,2020-07-13 01:55:37,-4.97,23.45,70.59,76,96,1.54,overcast clouds,0.0,0
264,Kavieng,PG,2020-07-13 01:55:39,-2.57,150.8,84.6,65,51,4.47,broken clouds,0.0,0
265,Kupang,ID,2020-07-13 01:51:49,-10.17,123.58,83.59,63,64,14.81,broken clouds,0.0,0
266,Richards Bay,ZA,2020-07-13 01:55:39,-28.78,32.04,57.97,68,0,14.2,clear sky,0.0,0
267,Moron,AR,2020-07-13 01:55:39,-34.65,-58.62,52.0,49,40,3.0,scattered clouds,0.0,0
268,Saint George,US,2020-07-13 01:51:33,37.1,-113.58,108.0,12,1,21.92,clear sky,0.0,0
269,Provideniya,RU,2020-07-13 01:55:40,64.38,-173.3,48.2,81,40,15.66,fog,0.0,0
270,Ziro,IN,2020-07-13 01:55:40,27.63,93.83,61.32,100,100,0.56,light rain,0.38,0
271,Port Moresby,PG,2020-07-13 01:55:40,-9.44,147.18,84.2,79,40,9.01,scattered clouds,0.0,0
272,Ambilobe,MG,2020-07-13 01:55:40,-13.2,49.05,63.55,82,0,3.0,clear sky,0.0,0
273,Longyearbyen,SJ,2020-07-13 01:54:32,78.22,15.64,46.4,81,75,2.24,broken clouds,0.0,0
274,Kamaishi,JP,2020-07-13 01:55:41,39.27,141.88,66.2,93,75,6.93,light intensity shower rain,0.0,0
275,Gunjur,GM,2020-07-13 01:55:41,13.2,-16.73,75.2,100,75,7.54,broken clouds,0.0,0
276,Dogondoutchi,NE,2020-07-13 01:55:41,13.64,4.03,81.63,68,100,17.34,overcast clouds,0.0,0
277,Namatanai,PG,2020-07-13 01:54:29,-3.67,152.43,82.74,71,99,3.33,light rain,0.3,0
278,Isangel,VU,2020-07-13 01:55:42,-19.55,169.27,78.8,65,75,11.41,broken clouds,0.0,0
279,Peniche,PT,2020-07-13 01:55:42,39.36,-9.38,64.99,90,0,3.0,clear sky,0.0,0
280,Maningrida,AU,2020-07-13 01:55:42,-12.07,134.27,80.78,36,96,16.26,overcast clouds,0.0,0
281,Amli,IN,2020-07-13 01:55:42,20.28,73.02,80.73,83,57,7.56,broken clouds,0.0,0
282,Hun,LY,2020-07-13 01:55:42,29.13,15.95,70.23,59,0,4.09,clear sky,0.0,0
283,Benxi,CN,2020-07-13 01:54:37,41.29,123.77,78.8,78,99,4.47,mist,0.0,0
284,Puerto Maldonado,PE,2020-07-13 01:55:43,-12.6,-69.18,75.34,74,32,1.68,scattered clouds,0.0,0
285,Aldan,RU,2020-07-13 01:55:43,58.6,125.39,83.41,47,84,4.27,broken clouds,0.0,0
286,Luderitz,NA,2020-07-13 01:55:43,-26.65,15.16,51.8,93,0,4.7,clear sky,0.0,0
287,Nome,US,2020-07-13 01:53:42,64.5,-165.41,69.01,59,1,21.92,clear sky,0.0,0
288,Geraldton,AU,2020-07-13 01:55:44,-28.77,114.6,62.6,67,0,16.11,clear sky,0.0,0
289,Sijunjung,ID,2020-07-13 01:55:44,-0.69,100.95,72.9,91,100,0.47,moderate rain,1.03,0
290,Xiongzhou,CN,2020-07-13 01:55:44,25.12,114.3,89.83,54,91,4.85,overcast clouds,0.0,0
291,Abha,SA,2020-07-13 01:55:44,18.22,42.51,71.6,52,20,7.4,few clouds,0.0,0
292,Bilma,NE,2020-07-13 01:55:45,18.69,12.92,86.52,39,60,6.62,broken clouds,0.0,0
293,Saldanha,ZA,2020-07-13 01:55:45,-33.01,17.94,57.2,87,58,13.87,broken clouds,0.0,0
294,Codrington,AU,2020-07-13 01:55:45,-38.27,141.97,56.17,74,1,7.2,clear sky,0.0,0
295,Slatina,RO,2020-07-13 01:55:45,44.43,24.37,60.01,76,100,9.17,light rain,0.11,0
296,Lompoc,US,2020-07-13 01:55:38,34.64,-120.46,68.0,68,0,13.87,clear sky,0.0,0
297,Huangmei,CN,2020-07-13 01:55:46,30.19,116.03,78.84,91,100,1.72,light rain,0.56,0
298,Udala,ES,2020-07-13 01:55:46,43.08,-2.51,63.0,87,0,1.12,clear sky,0.0,0
299,Tuktoyaktuk,CA,2020-07-13 01:55:46,69.45,-133.04,57.2,62,75,11.41,broken clouds,0.0,0
300,Ivnya,RU,2020-07-13 01:55:47,51.06,36.13,66.2,63,75,6.71,broken clouds,0.0,0
301,Srednekolymsk,RU,2020-07-13 01:55:47,67.45,153.68,73.18,41,2,8.55,clear sky,0.0,0
302,Ponta Delgada,PT,2020-07-13 01:55:47,37.73,-25.67,66.2,77,40,4.7,scattered clouds,0.0,0
303,Eureka,US,2020-07-13 01:54:21,40.8,-124.16,69.01,87,6,5.99,clear sky,0.0,0
304,Bogorodskoye,RU,2020-07-13 01:55:48,56.55,37.88,55.42,97,94,5.88,overcast clouds,0.0,0
305,Valparaiso,CL,2020-07-13 01:55:48,-33.04,-71.63,51.8,76,100,4.7,overcast clouds,0.0,0
306,Penzance,GB,2020-07-13 01:55:48,50.12,-5.54,57.0,76,6,3.36,clear sky,0.0,0
307,Najran,SA,2020-07-13 01:55:48,17.49,44.13,86.0,27,40,4.7,scattered clouds,0.0,0
308,Polignano A Mare,IT,2020-07-13 01:55:49,41.0,17.22,73.99,71,0,4.0,clear sky,0.0,0
309,Wahiawa,US,2020-07-13 01:55:49,21.5,-158.02,86.0,54,75,11.41,broken clouds,0.0,0
310,Rusape,ZW,2020-07-13 01:55:49,-18.53,32.13,40.75,86,0,1.48,clear sky,0.0,0
311,Okhotsk,RU,2020-07-13 01:55:49,59.38,143.3,68.9,55,30,9.33,scattered clouds,0.0,0
312,Cabo San Lucas,MX,2020-07-13 01:52:53,22.89,-109.91,91.99,43,20,8.05,few clouds,0.0,0
313,Dicabisagan,PH,2020-07-13 01:55:50,17.08,122.42,84.27,72,100,2.86,light rain,0.85,0
314,Naranjal,EC,2020-07-13 01:55:50,-2.67,-79.62,77.0,78,20,13.87,few clouds,0.0,0
315,Padang,ID,2020-07-13 01:55:50,-0.95,100.35,78.13,81,100,3.89,light rain,0.71,0
316,Turan,VN,2020-07-13 01:55:50,16.07,108.22,91.4,59,0,3.36,clear sky,0.0,0
317,Ocos,GT,2020-07-13 01:55:51,14.51,-92.19,82.4,94,40,4.7,scattered clouds,0.0,0
318,San Cristobal,VE,2020-07-13 01:54:19,7.77,-72.22,65.28,82,100,1.83,overcast clouds,0.0,0
319,Cayenne,GF,2020-07-13 01:55:51,4.93,-52.33,77.0,100,8,1.12,clear sky,0.0,0
320,Kloulklubed,PW,2020-07-13 01:55:51,7.04,134.26,77.0,94,90,6.08,light intensity shower rain,0.0,0
321,Borba,BR,2020-07-13 01:55:52,-4.39,-59.59,77.34,76,44,1.03,scattered clouds,0.0,0
322,Oksfjord,NO,2020-07-13 01:55:52,70.24,22.35,57.2,67,100,3.36,light rain,0.84,0
323,Neryungri,RU,2020-07-13 01:55:52,56.67,124.65,89.06,33,38,2.33,scattered clouds,0.0,0
324,Tonj,SS,2020-07-13 01:55:52,7.27,28.68,70.3,94,100,2.44,overcast clouds,0.0,0
325,Leningradskiy,RU,2020-07-13 01:55:52,69.38,178.42,43.65,69,82,10.47,broken clouds,0.0,0
326,Monrovia,LR,2020-07-13 01:54:52,6.3,-10.8,76.39,82,79,7.31,broken clouds,0.0,0
327,Saskylakh,RU,2020-07-13 01:55:53,71.92,114.08,64.87,54,89,14.76,overcast clouds,0.0,0
328,Formosa,AR,2020-07-13 01:51:54,-26.18,-58.18,64.4,82,77,14.99,broken clouds,0.0,0
329,Bafata,GW,2020-07-13 01:55:53,12.17,-14.75,73.33,98,100,3.96,light rain,0.84,0
330,Surin,TH,2020-07-13 01:55:53,14.88,103.49,78.8,88,20,2.24,few clouds,0.0,0
331,Yatou,CN,2020-07-13 01:55:54,37.15,122.38,68.2,83,100,19.62,overcast clouds,0.0,0
332,Bolkhov,RU,2020-07-13 01:55:54,53.44,36.0,61.2,94,79,4.88,broken clouds,0.0,0
333,Rocha,UY,2020-07-13 01:55:54,-34.48,-54.33,42.44,66,0,9.98,clear sky,0.0,0
334,Klaksvik,FO,2020-07-13 01:55:54,62.23,-6.59,50.0,93,100,17.22,light intensity drizzle,0.0,0
335,Cabra,ES,2020-07-13 01:55:55,37.47,-4.44,75.0,66,0,1.99,clear sky,0.0,0
336,Ubatuba,BR,2020-07-13 01:55:55,-23.43,-45.07,74.41,62,0,5.1,clear sky,0.0,0
337,University Park,US,2020-07-13 01:55:55,25.75,-80.37,82.99,74,75,3.36,broken clouds,0.0,0
338,Gornopravdinsk,RU,2020-07-13 01:55:55,60.05,69.9,69.01,65,75,9.33,broken clouds,0.0,0
339,Grindavik,IS,2020-07-13 01:55:55,63.84,-22.43,48.2,93,90,5.82,overcast clouds,0.0,0
340,Lillooet,CA,2020-07-13 01:51:34,50.69,-121.94,55.4,87,90,2.24,light rain,0.0,0
341,Kamenka,RU,2020-07-13 01:54:07,51.32,42.77,66.99,79,65,1.99,moderate rain,1.5,0
342,Kavalerovo,RU,2020-07-13 01:55:56,44.27,135.06,77.52,51,11,4.61,few clouds,0.0,0
343,Broken Hill,AU,2020-07-13 01:55:56,-31.95,141.43,48.2,81,40,14.99,scattered clouds,0.0,0
344,Faya,SA,2020-07-13 01:55:56,18.39,42.45,71.6,52,20,4.79,few clouds,0.0,0
345,Delta Del Tigre,UY,2020-07-13 01:55:57,-34.76,-56.39,50.0,46,4,16.11,clear sky,0.0,0
346,Saint-Pierre,RE,2020-07-13 01:55:57,-21.34,55.48,64.4,72,20,5.82,few clouds,0.0,0
347,Kisanga,TZ,2020-07-13 01:55:57,-7.44,37.7,66.72,87,0,1.88,clear sky,0.0,0
348,Avera,US,2020-07-13 01:55:57,33.19,-82.53,82.4,78,1,3.36,clear sky,0.0,0
349,Nsunga,TZ,2020-07-13 01:55:57,-1.14,31.39,63.01,84,100,1.25,overcast clouds,0.0,0
350,Nouadhibou,MR,2020-07-13 01:55:58,20.93,-17.03,72.37,79,0,10.16,light rain,0.11,0
351,Jyvaskyla,FI,2020-07-13 01:55:58,62.24,25.72,46.0,100,17,1.12,fog,0.0,0
352,Salalah,OM,2020-07-13 01:54:16,17.02,54.09,80.6,100,90,3.36,drizzle,0.0,0
353,Dembi Dolo,ET,2020-07-13 01:55:59,8.53,34.8,56.61,98,99,2.59,overcast clouds,0.0,0
354,Massaguet,TD,2020-07-13 01:56:00,12.48,15.44,75.2,88,15,5.82,few clouds,0.0,0
355,Shetpe,KZ,2020-07-13 01:56:00,44.17,52.12,78.51,25,0,7.85,clear sky,0.0,0
356,Roebourne,AU,2020-07-13 01:56:00,-20.78,117.13,70.86,23,0,17.94,clear sky,0.0,0
357,Yeppoon,AU,2020-07-13 01:56:00,-23.13,150.73,69.8,35,2,13.87,clear sky,0.0,0
358,Vitim,RU,2020-07-13 01:56:01,59.45,112.56,75.33,58,100,5.88,overcast clouds,0.0,0
359,Yangambi,CD,2020-07-13 01:56:01,0.81,24.43,70.45,96,100,2.3,moderate rain,1.31,0
360,Terrace,CA,2020-07-13 01:55:51,54.52,-128.6,62.6,59,75,18.34,broken clouds,0.0,0
361,Kabin Buri,TH,2020-07-13 01:56:01,13.95,101.72,80.67,86,100,4.03,light rain,0.23,0
362,Lao Cai,VN,2020-07-13 01:56:02,22.48,103.95,78.64,82,100,0.94,overcast clouds,0.0,0
363,Vestmannaeyjar,IS,2020-07-13 01:56:02,63.44,-20.27,50.63,93,100,9.24,light rain,0.58,0
364,Hay River,CA,2020-07-13 01:56:02,60.82,-115.8,66.2,63,75,3.36,broken clouds,0.0,0
365,Daru,PG,2020-07-13 01:54:07,-9.08,143.21,78.91,87,98,18.68,moderate rain,1.08,0
366,Payson,US,2020-07-13 01:51:44,40.04,-111.73,93.2,21,40,13.87,scattered clouds,0.0,0
367,Bangangte,CM,2020-07-13 01:56:03,5.14,10.52,60.96,100,100,3.89,overcast clouds,0.0,0
368,Onega,RU,2020-07-13 01:56:03,63.91,38.14,52.74,85,52,4.88,broken clouds,0.0,0
369,Port Lincoln,AU,2020-07-13 01:54:47,-34.73,135.87,56.64,71,77,2.64,broken clouds,0.0,0
370,Takoradi,GH,2020-07-13 01:56:04,4.88,-1.76,73.78,91,37,7.34,scattered clouds,0.0,0
371,Kavaratti,IN,2020-07-13 01:56:04,10.57,72.64,83.19,75,100,11.07,overcast clouds,0.0,0
372,Nebbi,UG,2020-07-13 01:56:04,2.48,31.09,64.8,85,67,2.73,broken clouds,0.0,0
373,Winnipeg,CA,2020-07-13 01:54:19,49.88,-97.15,78.8,65,75,11.41,broken clouds,0.0,0
374,Vestmanna,FO,2020-07-13 01:56:05,62.16,-7.17,50.0,93,100,17.22,light intensity drizzle,0.0,0
375,Hualmay,PE,2020-07-13 01:54:06,-11.1,-77.61,60.91,84,7,6.31,clear sky,0.0,0
376,Imbituba,BR,2020-07-13 01:56:05,-28.24,-48.67,62.6,93,40,11.41,scattered clouds,0.0,0
377,Mahebourg,MU,2020-07-13 01:56:05,-20.41,57.7,71.6,83,75,18.34,shower rain,0.0,0
378,Macau,MO,2020-07-13 01:51:46,22.2,113.55,87.8,74,40,9.17,scattered clouds,0.0,0
379,Renfrew,GB,2020-07-13 01:56:06,55.87,-4.39,59.0,93,90,12.75,drizzle,0.0,0
380,Aksu,CN,2020-07-13 01:56:06,41.12,80.26,76.93,27,0,3.09,clear sky,0.0,0
381,Saint-Avertin,FR,2020-07-13 01:56:06,47.36,0.74,60.8,55,0,5.82,clear sky,0.0,0
382,Vanderhoof,CA,2020-07-13 01:56:06,54.02,-124.02,61.47,53,98,6.06,overcast clouds,0.0,0
383,Clyde River,CA,2020-07-13 01:56:06,70.47,-68.59,41.0,86,75,9.17,broken clouds,0.0,0
384,Airai,TL,2020-07-13 01:56:07,-8.93,125.41,68.58,68,100,6.17,overcast clouds,0.0,0
385,Biograd Na Moru,HR,2020-07-13 01:56:07,43.94,15.45,68.0,62,0,6.93,clear sky,0.0,0
386,Cao Bang,VN,2020-07-13 01:56:07,22.67,106.25,83.64,73,62,3.8,light rain,0.13,0
387,Belmonte,BR,2020-07-13 01:54:17,-15.86,-38.88,69.8,88,100,5.82,light rain,0.29,0
388,Saint-Georges,GD,2020-07-13 01:56:07,12.06,-61.75,78.8,94,75,9.17,light intensity shower rain,0.0,0
389,College,US,2020-07-13 01:56:07,64.86,-147.8,71.6,28,75,4.7,broken clouds,0.0,0
390,Gondanglegi,ID,2020-07-13 01:56:08,-7.75,112.01,81.88,70,94,9.93,overcast clouds,0.0,0
391,Pochutla,MX,2020-07-13 01:56:08,15.74,-96.47,82.0,82,96,2.17,light rain,0.76,0
392,Jeremie,HT,2020-07-13 01:56:08,18.65,-74.12,81.19,74,19,1.36,few clouds,0.0,0
393,Cidreira,BR,2020-07-13 01:56:08,-30.18,-50.21,54.28,88,21,7.72,few clouds,0.0,0
394,La Ronge,CA,2020-07-13 01:56:09,55.1,-105.28,69.8,83,75,10.29,broken clouds,0.0,0
395,Koygorodok,RU,2020-07-13 01:56:09,60.45,51.0,59.56,74,0,2.04,clear sky,0.0,0
396,Marawi,PH,2020-07-13 01:56:09,8.0,124.29,82.99,77,93,7.0,light rain,0.24,0
397,Dunedin,NZ,2020-07-13 01:56:09,-45.87,170.5,48.99,59,8,5.99,clear sky,0.0,0
398,Sao Felix Do Xingu,BR,2020-07-13 01:56:10,-6.64,-51.99,77.63,62,97,0.58,overcast clouds,0.0,0
399,Constitucion,CL,2020-07-13 01:56:10,-35.33,-72.42,52.59,85,100,4.18,overcast clouds,0.0,0
400,Laguna,US,2020-07-13 01:56:10,38.42,-121.42,102.2,7,1,8.05,clear sky,0.0,0
401,Tereze,RU,2020-07-13 01:56:10,43.94,42.44,75.2,53,75,11.18,broken clouds,0.0,0
402,Perth,AU,2020-07-13 01:55:35,-31.93,115.83,60.8,87,75,10.29,shower rain,0.25,0
403,Ha Tinh,VN,2020-07-13 01:56:11,18.33,105.9,91.62,51,9,1.88,clear sky,0.0,0
404,Lexington,US,2020-07-13 01:51:58,37.99,-84.48,75.2,69,75,11.41,broken clouds,0.0,0
405,Zamora,EC,2020-07-13 01:56:11,-4.07,-78.96,66.22,73,48,0.83,light rain,0.17,0
406,Daoukro,CI,2020-07-13 01:56:11,7.06,-3.96,70.79,98,100,3.27,overcast clouds,0.0,0
407,Dudinka,RU,2020-07-13 01:56:12,69.41,86.18,57.2,67,100,6.71,overcast clouds,0.0,0
408,Cairns,AU,2020-07-13 01:53:54,-16.92,145.77,82.0,54,75,12.75,broken clouds,0.0,0
409,Oum Hadjer,TD,2020-07-13 01:56:12,13.3,19.7,84.38,52,3,9.15,clear sky,0.0,0
410,Turayf,SA,2020-07-13 01:52:58,31.67,38.66,71.6,68,0,6.93,clear sky,0.0,0
411,Guerrero Negro,MX,2020-07-13 01:56:12,27.98,-114.06,75.65,54,0,19.1,clear sky,0.0,0
412,Kushmurun,KZ,2020-07-13 01:54:41,52.45,64.63,70.5,73,0,4.34,clear sky,0.0,0
413,Wasilla,US,2020-07-13 01:56:13,61.58,-149.44,64.4,68,75,5.82,broken clouds,0.0,0
414,Gambo,CF,2020-07-13 01:56:13,4.65,22.26,69.67,96,100,1.81,overcast clouds,0.0,0
415,Moree,AU,2020-07-13 01:56:13,-29.47,149.85,51.8,76,40,5.82,scattered clouds,0.0,0
416,Jiutai,CN,2020-07-13 01:56:13,44.15,125.83,82.4,42,100,8.95,overcast clouds,0.0,0
417,Fare,PF,2020-07-13 01:56:13,-16.7,-151.02,79.23,76,100,15.97,overcast clouds,0.0,0
418,Ocean City,US,2020-07-13 01:56:14,39.28,-74.57,78.8,65,1,5.82,clear sky,0.0,0
419,Raigarh,IN,2020-07-13 01:56:14,21.9,83.4,78.8,88,75,4.7,haze,0.0,0
420,Mission,US,2020-07-13 01:54:52,26.22,-98.33,93.2,46,1,19.46,clear sky,0.0,0
421,Pisco,PE,2020-07-13 01:56:14,-13.7,-76.22,60.8,87,40,4.7,smoke,0.0,0
422,Shubarshi,KZ,2020-07-13 01:56:14,48.59,57.19,86.05,32,88,1.3,overcast clouds,0.0,0
423,Campbellford,CA,2020-07-13 01:54:42,44.31,-77.8,73.4,73,75,5.82,broken clouds,0.0,0
424,Olinda,BR,2020-07-13 01:53:42,-8.01,-34.86,78.8,69,40,6.93,scattered clouds,0.0,0
425,Vardo,NO,2020-07-13 01:56:15,70.37,31.11,46.98,89,0,2.3,clear sky,0.0,0
426,Steamboat Springs,US,2020-07-13 01:56:15,40.48,-106.83,68.0,52,1,3.36,clear sky,0.0,0
427,Abu Kamal,SY,2020-07-13 01:56:15,34.45,40.92,78.51,45,0,8.77,clear sky,0.0,0
428,Toora-Khem,RU,2020-07-13 01:56:15,52.47,96.11,71.1,54,76,1.61,broken clouds,0.0,0
429,Estelle,US,2020-07-13 01:55:46,29.85,-90.11,90.0,74,1,6.93,clear sky,0.0,0
430,Wajid,SO,2020-07-13 01:56:16,3.81,43.25,72.48,81,5,17.92,clear sky,0.0,0
431,Sorland,NO,2020-07-13 01:56:16,67.67,12.69,51.62,81,0,4.97,clear sky,0.0,0
432,Chicama,PE,2020-07-13 01:56:17,-7.84,-79.15,63.05,81,5,4.68,clear sky,0.0,0
433,Palmer,US,2020-07-13 01:51:38,42.16,-72.33,80.6,57,75,6.93,broken clouds,0.0,0
434,Soyaux,FR,2020-07-13 01:56:17,45.65,0.2,64.0,59,17,6.93,few clouds,0.0,0
435,Sungaipenuh,ID,2020-07-13 01:56:18,-2.08,101.38,71.01,89,99,0.67,moderate rain,1.33,0
436,Lasa,IT,2020-07-13 01:56:18,46.62,10.7,50.0,93,5,3.36,clear sky,0.0,0
437,Rio Gallegos,AR,2020-07-13 01:51:45,-51.62,-69.22,32.0,87,40,13.87,scattered clouds,0.0,0
438,Port Hedland,AU,2020-07-13 01:56:18,-20.32,118.57,75.2,14,22,17.22,few clouds,0.0,0
439,Poso,ID,2020-07-13 01:56:18,-1.4,120.75,84.65,66,33,2.66,scattered clouds,0.0,0
440,Magaria,NE,2020-07-13 01:56:19,13.0,8.91,76.84,76,100,10.78,light rain,0.6,0
441,Tazovskiy,RU,2020-07-13 01:54:22,67.47,78.7,49.39,97,100,5.68,moderate rain,1.04,0
442,Santa Marta,CO,2020-07-13 01:51:21,11.24,-74.2,73.99,87,16,11.39,few clouds,0.0,0
443,Port Hardy,CA,2020-07-13 01:56:19,50.7,-127.42,57.2,87,75,5.82,shower rain,0.0,0
444,Moussoro,TD,2020-07-13 01:56:19,13.64,16.49,83.34,54,55,11.54,broken clouds,0.0,0
445,Vung Tau,VN,2020-07-13 01:56:20,10.35,107.08,82.72,74,86,2.75,overcast clouds,0.0,0
446,Meadow Lake,US,2020-07-13 01:56:20,34.8,-106.54,95.0,14,1,10.29,clear sky,0.0,0
447,Portobelo,PA,2020-07-13 01:56:20,9.55,-79.65,81.0,88,61,7.0,broken clouds,0.0,0
448,Samana,DO,2020-07-13 01:56:20,19.21,-69.34,79.21,88,72,5.55,broken clouds,0.0,0
449,Paciran,ID,2020-07-13 01:56:20,-6.88,112.38,80.96,74,64,5.61,broken clouds,0.0,0
450,Russell,US,2020-07-13 01:56:21,32.35,-85.2,73.4,94,1,8.3,light rain,0.25,0
451,Valley City,US,2020-07-13 01:56:21,46.92,-98.0,77.0,61,1,6.93,clear sky,0.0,0
452,Capinopolis,BR,2020-07-13 01:56:21,-18.68,-49.57,71.13,50,64,3.11,broken clouds,0.0,0
453,Tual,ID,2020-07-13 01:56:21,-5.67,132.75,79.07,80,62,22.64,broken clouds,0.0,0
454,Songea,TZ,2020-07-13 01:56:21,-10.68,35.65,55.54,80,16,5.19,few clouds,0.0,0
455,Hargeysa,SO,2020-07-13 01:56:22,9.56,44.06,69.31,63,100,32.57,overcast clouds,0.0,0
456,Bjornevatn,NO,2020-07-13 01:56:22,69.67,29.98,44.6,87,90,5.82,overcast clouds,0.0,0
457,Sistranda,NO,2020-07-13 01:56:22,63.73,8.83,48.2,93,75,11.41,broken clouds,0.0,0
458,Svetlaya,RU,2020-07-13 01:56:22,46.54,138.33,65.64,66,17,6.78,few clouds,0.0,0
459,Abu Samrah,SY,2020-07-13 01:56:22,35.3,37.18,70.59,71,0,10.25,clear sky,0.0,0
460,Repalle,IN,2020-07-13 01:56:23,16.02,80.85,78.8,94,75,5.82,haze,0.0,0
461,Muroto,JP,2020-07-13 01:56:23,33.28,134.15,75.2,83,75,3.36,broken clouds,0.0,0
462,Bacolod,PH,2020-07-13 01:53:13,10.67,122.95,85.01,73,38,6.62,light rain,0.14,0
463,Jacareacanga,BR,2020-07-13 01:56:23,-6.22,-57.75,75.58,77,8,1.52,clear sky,0.0,0
464,Dali,CN,2020-07-13 01:56:23,25.7,100.18,64.63,89,100,0.81,moderate rain,3.81,0
465,Buala,SB,2020-07-13 01:56:23,-8.14,159.59,82.98,78,92,11.88,light rain,0.93,0
466,Quatre Cocos,MU,2020-07-13 01:54:12,-20.21,57.76,72.0,83,75,18.34,shower rain,0.0,0
467,Tucuman,AR,2020-07-13 01:53:33,-26.82,-65.22,51.8,81,37,6.93,scattered clouds,0.0,0
468,Kayes,ML,2020-07-13 01:56:24,14.0,-11.0,77.18,84,100,11.83,light rain,0.13,0
469,Altamira,BR,2020-07-13 01:56:25,-3.2,-52.21,73.8,92,25,1.83,scattered clouds,0.0,0
470,Llanes,ES,2020-07-13 01:56:25,43.42,-4.75,62.01,98,0,1.01,clear sky,0.0,0
471,Santa Pola,ES,2020-07-13 01:56:25,38.19,-0.57,75.99,69,54,4.7,broken clouds,0.0,0
472,Lardos,GR,2020-07-13 01:56:25,36.09,28.02,78.8,69,0,11.41,clear sky,0.0,0
473,Inuvik,CA,2020-07-13 01:56:25,68.35,-133.72,57.2,71,90,2.24,overcast clouds,0.0,0
474,Frondenberg,DE,2020-07-13 01:56:26,51.47,7.77,53.6,81,88,4.7,overcast clouds,0.0,0
475,Hanna,CA,2020-07-13 01:56:26,51.63,-111.9,54.0,76,57,1.99,moderate rain,2.92,0
476,Ko Samui,TH,2020-07-13 01:53:36,9.54,99.94,84.2,74,20,5.82,few clouds,0.0,0
477,Amga,RU,2020-07-13 01:56:26,60.9,131.96,89.44,42,2,4.76,clear sky,0.0,0
478,San Rafael,AR,2020-07-13 01:51:31,-34.62,-68.33,44.1,60,96,5.3,overcast clouds,0.0,0
479,Diego De Almagro,CL,2020-07-13 01:56:27,-26.37,-70.05,49.12,72,0,1.52,clear sky,0.0,0
480,Xai-Xai,MZ,2020-07-13 01:56:27,-25.05,33.64,56.19,67,0,3.8,clear sky,0.0,0
481,Ballina,AU,2020-07-13 01:54:48,-28.87,153.57,66.99,59,40,10.29,scattered clouds,0.0,0
482,Grand-Santi,GF,2020-07-13 01:56:28,4.25,-54.38,72.91,97,63,2.08,broken clouds,0.0,0
483,Ilheus,BR,2020-07-13 01:56:28,-14.79,-39.05,71.6,100,20,5.82,few clouds,0.0,0
484,Martapura,ID,2020-07-13 01:56:29,-3.42,114.85,82.2,76,100,3.2,overcast clouds,0.0,0
485,Dubovskoye,RU,2020-07-13 01:56:29,47.41,42.76,74.71,56,55,3.49,light rain,0.12,0
486,Grajewo,PL,2020-07-13 01:56:29,53.65,22.46,47.05,93,24,6.08,few clouds,0.0,0
487,Rio Grande,BR,2020-07-13 01:56:29,-32.03,-52.1,46.0,98,100,15.9,overcast clouds,0.0,0
488,Magadan,RU,2020-07-13 01:56:29,59.57,150.8,63.9,66,4,6.33,clear sky,0.0,0
489,Zherdevka,RU,2020-07-13 01:56:29,51.85,41.46,64.35,88,89,5.35,overcast clouds,0.0,0
490,Wukari,NG,2020-07-13 01:56:30,7.85,9.78,72.99,94,89,7.56,light rain,0.18,0
491,Siparia,TT,2020-07-13 01:56:30,10.13,-61.5,81.0,83,20,5.82,few clouds,0.0,0
492,San Rafael Del Sur,NI,2020-07-13 01:56:30,11.85,-86.44,80.6,88,40,6.93,scattered clouds,0.0,0
493,Ostersund,SE,2020-07-13 01:56:30,63.18,14.64,44.6,81,10,12.75,clear sky,0.0,0
494,Hamilton,US,2020-07-13 01:55:04,39.18,-84.53,71.6,73,1,5.46,clear sky,0.0,0
495,Port-Gentil,GA,2020-07-13 01:56:31,-0.72,8.78,73.85,90,100,14.03,overcast clouds,0.0,0
496,Lepaterique,HN,2020-07-13 01:56:31,14.07,-87.47,77.0,94,40,10.29,light intensity drizzle,0.0,0
497,Porbandar,IN,2020-07-13 01:56:31,21.64,69.61,83.53,82,38,12.59,scattered clouds,0.0,0
498,Tahe,CN,2020-07-13 01:56:31,52.33,124.73,93.94,30,79,2.44,broken clouds,0.0,0
499,Manaure,CO,2020-07-13 01:56:31,11.78,-72.44,81.99,72,14,12.48,few clouds,0.0,0
500,Sturgeon Falls,CA,2020-07-13 01:56:32,46.36,-79.93,69.01,77,75,5.82,broken clouds,0.0,0
501,Horsham,GB,2020-07-13 01:56:32,51.06,-0.33,57.0,76,100,1.12,overcast clouds,0.0,0
502,Jiuquan,CN,2020-07-13 01:56:32,39.74,98.52,85.89,21,100,7.61,overcast clouds,0.0,0
503,Pedernales,DO,2020-07-13 01:56:32,18.04,-71.74,81.14,72,10,3.44,clear sky,0.0,0
504,Tara,RU,2020-07-13 01:56:32,56.89,74.37,64.2,69,8,4.43,clear sky,0.0,0
505,Lata,PT,2020-07-13 01:56:33,40.16,-8.33,71.01,76,0,2.39,clear sky,0.0,0
506,Nur,PL,2020-07-13 01:56:33,52.67,22.32,47.59,92,4,3.98,clear sky,0.0,0
507,Aroysund,NO,2020-07-13 01:56:33,59.18,10.46,54.0,58,21,4.7,few clouds,0.0,0
508,Kemijarvi,FI,2020-07-13 01:56:33,66.71,27.43,48.6,81,48,4.27,scattered clouds,0.0,0
509,Achinsk,RU,2020-07-13 01:56:31,56.27,90.5,68.02,71,0,4.0,clear sky,0.0,0
510,Xining,CN,2020-07-13 01:54:53,36.62,101.77,67.06,50,100,2.33,overcast clouds,0.0,0
511,Pitimbu,BR,2020-07-13 01:56:34,-7.47,-34.81,71.6,94,0,4.7,clear sky,0.0,0
512,Pumiao,CN,2020-07-13 01:56:34,22.75,108.48,84.2,83,40,6.71,scattered clouds,0.0,0
513,Champerico,GT,2020-07-13 01:56:34,14.3,-91.92,81.81,77,59,6.04,broken clouds,0.0,0
514,Tongliao,CN,2020-07-13 01:56:34,43.61,122.27,80.62,49,100,5.93,overcast clouds,0.0,0
515,Abu Dhabi,AE,2020-07-13 01:56:35,24.47,54.37,95.0,56,19,1.12,few clouds,0.0,0
516,Wilmington,US,2020-07-13 01:55:32,34.23,-77.94,79.0,83,1,4.7,clear sky,0.0,0
517,Hambantota,LK,2020-07-13 01:56:35,6.12,81.12,78.8,100,75,4.7,broken clouds,0.0,0
518,Ahipara,NZ,2020-07-13 01:56:35,-35.17,173.17,60.8,79,57,11.59,light rain,0.11,0
519,Pombal,BR,2020-07-13 01:56:35,-6.77,-37.8,73.4,64,3,11.88,clear sky,0.0,0
520,Pleshanovo,RU,2020-07-13 01:56:36,52.83,53.48,73.2,81,19,9.42,few clouds,0.0,0
521,Graaff-Reinet,ZA,2020-07-13 01:56:36,-32.25,24.53,50.85,40,0,14.72,clear sky,0.0,0
522,Mankapur,IN,2020-07-13 01:56:36,27.03,82.23,82.9,84,64,6.76,light rain,0.15,0
523,Melnikovo,RU,2020-07-13 01:56:36,56.56,84.08,63.0,90,100,6.49,light rain,0.14,0
524,Pili,PH,2020-07-13 01:56:36,13.58,123.3,78.1,89,100,2.08,light rain,0.26,0
525,Camana,PE,2020-07-13 01:56:36,-16.62,-72.71,59.38,74,2,7.05,clear sky,0.0,0
526,Belyy Yar,RU,2020-07-13 01:56:37,53.6,91.39,62.6,77,92,2.24,overcast clouds,0.0,0
527,Half Moon Bay,US,2020-07-13 01:56:37,37.46,-122.43,69.8,77,1,8.05,haze,0.0,0
528,Ixtapa,MX,2020-07-13 01:56:37,20.7,-105.2,82.0,94,90,3.36,overcast clouds,0.0,0
529,Nyazepetrovsk,RU,2020-07-13 01:56:37,56.05,59.6,63.75,77,0,0.58,clear sky,0.0,0
530,Port Pirie,AU,2020-07-13 01:56:37,-33.18,138.02,53.6,93,90,1.12,overcast clouds,0.0,0
531,Dingle,PH,2020-07-13 01:56:38,11.0,122.67,86.14,69,94,4.45,overcast clouds,0.0,0
532,Staunton,US,2020-07-13 01:55:04,38.15,-79.07,70.0,100,1,5.82,clear sky,0.0,0
533,Fortuna,US,2020-07-13 01:56:38,40.6,-124.16,68.0,77,20,16.11,few clouds,0.0,0
534,Trastenik,BG,2020-07-13 01:56:38,43.52,24.47,62.6,72,40,11.41,scattered clouds,0.0,0
535,Dzilam Gonzalez,MX,2020-07-13 01:56:39,21.28,-88.93,84.0,77,13,5.28,few clouds,0.0,0
536,Kibakwe,TZ,2020-07-13 01:56:39,-6.72,36.37,57.6,79,0,2.86,clear sky,0.0,0
537,Kangaatsiaq,GL,2020-07-13 01:56:39,68.31,-53.46,41.94,88,0,11.88,clear sky,0.0,0
538,Stornoway,GB,2020-07-13 01:56:39,58.21,-6.39,54.0,100,91,11.41,overcast clouds,0.0,0
539,Tiksi,RU,2020-07-13 01:56:39,71.69,128.87,65.17,51,0,5.46,clear sky,0.0,0
540,Tuatapere,NZ,2020-07-13 01:56:40,-46.13,167.68,47.37,66,44,3.78,scattered clouds,0.0,0
541,Ondangwa,NA,2020-07-13 01:56:40,-17.92,15.95,51.8,39,0,1.12,clear sky,0.0,0
542,Willmar,US,2020-07-13 01:54:43,45.12,-95.04,77.0,61,1,4.7,clear sky,0.0,0
543,Shimoda,JP,2020-07-13 01:56:40,34.67,138.95,71.6,83,75,8.05,broken clouds,0.0,0
544,Sal Rei,CV,2020-07-13 01:56:40,16.18,-22.92,77.0,83,75,12.75,broken clouds,0.0,0
545,Anadyr,RU,2020-07-13 01:56:41,64.75,177.48,59.0,67,40,15.66,scattered clouds,0.0,0
546,Verkhnevilyuysk,RU,2020-07-13 01:56:41,63.45,120.32,70.34,68,100,5.86,overcast clouds,0.0,0
547,Cheremushskiy,RU,2020-07-13 01:56:41,61.27,47.26,58.46,77,23,4.05,few clouds,0.0,0
548,Wangqing,CN,2020-07-13 01:56:41,43.32,129.76,71.87,62,87,4.85,overcast clouds,0.0,0
549,Adjumani,UG,2020-07-13 01:56:41,3.38,31.79,63.73,97,62,1.95,broken clouds,0.0,0
550,Boueni,YT,2020-07-13 01:56:41,-12.9,45.08,77.0,78,75,20.8,broken clouds,0.0,0
551,The Valley,AI,2020-07-13 01:56:42,18.22,-63.06,84.2,79,40,12.75,scattered clouds,0.0,0
552,Reconquista,AR,2020-07-13 01:56:42,-29.15,-59.65,50.22,72,0,6.08,clear sky,0.0,0
553,Hirara,JP,2020-07-13 01:56:42,24.8,125.28,89.6,66,75,8.05,broken clouds,0.0,0
554,Obo,CF,2020-07-13 01:56:42,5.4,26.49,67.28,96,99,2.55,light rain,0.11,0
555,Boa Vista,BR,2020-07-13 01:56:43,2.82,-60.67,77.0,88,20,2.24,few clouds,0.0,0
556,Svetlyy,RU,2020-07-13 01:56:43,54.67,20.13,55.4,87,40,4.47,scattered clouds,0.0,0
557,Launceston,AU,2020-07-13 01:56:43,-41.45,147.17,52.0,76,75,14.99,broken clouds,0.0,0
558,Chute-Aux-Outardes,CA,2020-07-13 01:56:43,49.12,-68.4,64.4,100,90,4.7,overcast clouds,0.0,0
559,Saint-Augustin,CA,2020-07-13 01:56:43,51.23,-58.65,60.89,97,100,13.85,light rain,0.27,0
560,Baykit,RU,2020-07-13 01:56:44,61.67,96.37,66.27,70,99,3.94,overcast clouds,0.0,0
561,Pyinmana,MM,2020-07-13 01:56:44,19.73,96.22,77.22,91,100,5.1,light rain,0.12,0
562,Yenagoa,NG,2020-07-13 01:56:44,4.92,6.26,73.15,95,91,3.6,overcast clouds,0.0,0
563,Havoysund,NO,2020-07-13 01:56:44,71.0,24.66,50.0,81,94,3.36,overcast clouds,0.0,0
564,Omboue,GA,2020-07-13 01:56:45,-1.57,9.26,72.61,89,100,8.01,overcast clouds,0.0,0
565,Giresun,TR,2020-07-13 01:56:45,40.5,38.5,77.0,61,75,12.75,light intensity shower rain,0.0,0
566,Thompson,CA,2020-07-13 01:56:45,55.74,-97.86,73.4,56,75,6.93,broken clouds,0.0,0
567,Samarai,PG,2020-07-13 01:56:45,-10.62,150.67,79.3,87,32,20.07,moderate rain,1.12,0
568,Huehuetenango,GT,2020-07-13 01:55:51,15.32,-91.47,55.99,80,4,2.8,clear sky,0.0,0
569,Sola,VU,2020-07-13 01:56:46,-13.88,167.55,79.9,83,55,27.29,light rain,0.48,0
570,Santa Maria,BR,2020-07-13 01:56:33,-29.68,-53.81,53.6,93,40,2.24,scattered clouds,0.0,0
571,Margate,GB,2020-07-13 01:54:44,51.38,1.39,60.01,46,57,3.15,broken clouds,0.0,0
572,Wanning,CN,2020-07-13 01:56:46,18.8,110.4,87.44,70,10,10.85,clear sky,0.0,0
573,Baudh,IN,2020-07-13 01:56:47,20.84,84.32,82.87,74,100,3.71,overcast clouds,0.0,0
574,Turukhansk,RU,2020-07-13 01:56:47,65.82,87.98,64.27,65,9,6.42,clear sky,0.0,0
575,Udachnyy,RU,2020-07-13 01:56:47,66.42,112.4,66.2,48,0,8.95,clear sky,0.0,0
576,Marhaura,IN,2020-07-13 01:56:47,25.97,84.87,78.8,94,75,6.93,mist,0.0,0
577,Praia,CV,2020-07-13 01:56:47,14.92,-23.51,78.8,83,75,11.41,drizzle,0.0,0
578,Noumea,NC,2020-07-13 01:56:48,-22.28,166.46,77.0,65,90,5.82,overcast clouds,0.0,0
579,Manokwari,ID,2020-07-13 01:56:48,-0.87,134.08,82.71,70,98,4.38,light rain,0.33,0
